D,0.0,0.0,0.0,0.11440354782634433,-0.14708488474689166,-0.04580931954874873,0.18131302285021583,-0.3592261059923885,-0.06222135328213085,0.12531472639529348,-0.5248618974892587,-0.07903488757683497,0.01954340187185702,-0.5663704115287143,-0.09384364897331204,0.12318685054325915,-0.5120962746092697,-0.01352196676016405,0.14520380240607003,-0.7277362182565834,-0.048107412737534536,0.1608094440543773,-0.8616191518072335,-0.0670840668584189,0.16094335238546126,-0.9834497479567301,-0.08320955814552343,0.02807312099153631,-0.4969901613086578,-0.025335802389767088,0.04273069687891233,-0.6738563633514811,-0.09415001896044584,0.06698759365777786,-0.5114136098068252,-0.11057273973426887,0.057237552443369144,-0.41919653748135094,-0.10026808233484048,-0.054823383060470285,-0.4579008112826852,-0.042649987191815814,-0.0482310256484553,-0.5844111477769426,-0.11834410744360062,-0.0075090843143795355,-0.43224460182417235,-0.09844891056201026,-0.016354738301984334,-0.36189408748503327,-0.06181229956622461,-0.1413273977915579,-0.39801212198315095,-0.0635964558774193,-0.1269653049024282,-0.5210031699496569,-0.10363531210925465,-0.08479998061884567,-0.4335733694274003,-0.07126915106865192,-0.09258585887258668,-0.3713799682374402,-0.03629085536070962
D,0.0,0.0,0.0,0.11583952859388481,-0.1439347253119032,-0.04487472028950026,0.1796593436996344,-0.3627554378627343,-0.05894993920878613,0.13037676938740908,-0.5312280684062394,-0.07333487656773505,0.02578608171986827,-0.5582675203644767,-0.08561184169358353,0.11933597431169415,-0.5151872698298465,-0.013069066792037533,0.1413509661232007,-0.7308432134890411,-0.04579553027110142,0.15593080881630075,-0.8640710558362565,-0.06275657178992282,0.15602219252063776,-0.9846899850388028,-0.07773486222625847,0.02526913922547843,-0.49824039196340153,-0.02509436205902761,0.03924667126585657,-0.6764307261799005,-0.09314056049342716,0.06363198543431735,-0.5148292297911277,-0.10831990329726325,0.05536373250198388,-0.42580230461460605,-0.09673717491376921,-0.05715228910377398,-0.45861023785769045,-0.04248468715782907,-0.04898143542178243,-0.5824379842122371,-0.11792145433742446,-0.008425643283544114,-0.43218088717732905,-0.09903680638720665,-0.015953655338911747,-0.36567853301541914,-0.06282887339340816,-0.1426172221213179,-0.39820534631624094,-0.06352020508724796,-0.12809474078219915,-0.5157246586062859,-0.10276579569149298,-0.086070859572236,-0.42892710135355416,-0.07110922316142365,-0.09230332682352807,-0.3685278637679125,-0.03687506723885769
D,0.0,0.0,0.0,0.117461467101486,-0.1418809364244735,-0.04007831439789173,0.17529648056342326,-0.366854566523778,-0.049545927832398334,0.13372369421948668,-0.538737929306027,-0.06105849639101661,0.030736253552381913,-0.5545466599873002,-0.07140151763255549,0.11275539855153975,-0.5182165529203389,-0.0027787621670488432,0.12876569774787475,-0.7338170507363017,-0.03361843411096529,0.14120057724181695,-0.867176809075185,-0.052728256208259126,0.14044888374701192,-0.9876062089501478,-0.07005774116637765,0.023861687357444816,-0.502140024069055,-0.015905835017880614,0.030084297205938613,-0.6777848647641905,-0.08707609563207148,0.05706672983123347,-0.526285968843763,-0.10743292862847591,0.05641254837780572,-0.4308236436650926,-0.09832021566771859,-0.05660753973839875,-0.4611765898172418,-0.034175011491936434,-0.05570133219682071,-0.5828479266111422,-0.1094015347691837,-0.013612222866007561,-0.44215349576396407,-0.09508864861928651,-0.012663607403078866,-0.3675696111976627,-0.061168778255933316,-0.140358537859011,-0.40184044719484047,-0.05601099253679313,-0.13164164852527394,-0.5151676327970603,-0.0956716839129946,-0.09173098437655858,-0.43588301339314306,-0.06927802114021703,-0.09146901075130134,-0.3751277760692484,-0.038401017300258196
D,0.0,0.0,0.0,0.113756574221822,-0.14231078994123253,-0.03929255329172971,0.17602300079378477,-0.36002865963596203,-0.05080728590033341,0.1348644458634068,-0.5288292229558491,-0.06414323440223073,0.03402852697573314,-0.5541588773927665,-0.07623151595908738,0.11433155230918571,-0.5188229364995959,-0.007624108068568179,0.13080663540502127,-0.7348402365146809,-0.04061648984880084,0.14285374879792104,-0.8680750892026561,-0.05901242955678597,0.14124764073471407,-0.9871552921160973,-0.0746560997779798,0.023463125469083503,-0.5005203142824354,-0.021354664883606395,0.031299270293084276,-0.6751937843070401,-0.09265721843060595,0.05755865504654489,-0.5154400380041707,-0.110234513868654,0.0558036559320497,-0.41912293483606883,-0.0993012169389515,-0.05711435971957679,-0.45833545017594957,-0.03995996532807462,-0.053466903552184246,-0.5783303021202753,-0.11697052287735535,-0.011719917897342991,-0.43193440557080387,-0.0993249952079168,-0.011546727409550513,-0.3581876353045663,-0.06284611354368792,-0.1405207585962275,-0.3959705880850647,-0.06166941495961734,-0.12908424183468262,-0.5138304120600757,-0.10208075814586773,-0.08675237590923729,-0.4286312457088404,-0.07154145598675153,-0.08639182569118671,-0.36384230310234217,-0.037074806262089914
D,0.0,0.0,0.0,0.11620545795618097,-0.1513120908885823,-0.042195467586257106,0.1769250490147171,-0.37187198698559404,-0.053958613823686954,0.1304715581851295,-0.5368993862407072,-0.06680505387223293,0.025325125378317857,-0.5607818408924896,-0.07776634610048963,0.11178986850662173,-0.5281416592454201,-0.005405925646781433,0.13116383101350373,-0.738734242397666,-0.0377318275378055,0.14378921314126256,-0.8687289801779057,-0.05579855235436113,0.14249448532978284,-0.9872051475642922,-0.07156338640089951,0.020179335680545727,-0.5078610105940724,-0.01805487186860556,0.030470427994499588,-0.6704305311998446,-0.08670898550354329,0.05597158465958589,-0.509831417987747,-0.10354062564936296,0.05169062456161161,-0.42345081008615715,-0.09317456336062092,-0.0609809265678356,-0.46367842402732656,-0.03661384945844005,-0.054420619459452806,-0.5764703492538132,-0.11271893947992882,-0.011452554602301752,-0.42783584328394564,-0.09585784713394332,-0.013202054258679501,-0.36414050842916146,-0.060934263522225356,-0.14431932027214153,-0.39911231717734175,-0.05869626567982805,-0.13091298399445073,-0.5062736441630838,-0.09859310251296077,-0.08779674891750178,-0.41922060388990195,-0.06881796725269584,-0.08952702508711197,-0.36248053436909816,-0.03579865753171662
D,0.0,0.0,0.0,0.11719684581779014,-0.13419209227104537,-0.038918180422490053,0.183654077662782,-0.34150242214277937,-0.059470230718669095,0.16396770551617595,-0.5260909741521348,-0.08493661799645934,0.06722755223850782,-0.5804607616783373,-0.11050979681400652,0.1153343000435153,-0.5187581544471056,-0.013831363980272187,0.13348629359846967,-0.7311604935039289,-0.052778775917457665,0.15186794789186359,-0.86633054368048,-0.07379411433393783,0.1550520279766076,-0.9837112447401644,-0.09094534398251417,0.02822758447478491,-0.4993772930009605,-0.02953406296354198,0.05648218785997447,-0.6499344015677234,-0.09906928477217485,0.08314183119033942,-0.49350490169269945,-0.11113607791855862,0.07159582050583073,-0.421565223334922,-0.1002878974389086,-0.04890753483447452,-0.45405095994478173,-0.05087293128383318,-0.018855540651663002,-0.561369016645871,-0.12946232233709923,0.01667094916665355,-0.4188243518872585,-0.10501813291251519,0.0032742838429178963,-0.35844693777728004,-0.06715543963732871,-0.1320291722037563,-0.3907377723511478,-0.07551486359989763,-0.0973881849569047,-0.4988656223851724,-0.12024825822383682,-0.05948691585455845,-0.41311716995824255,-0.0878618460134562,-0.0699789779480482,-0.3580028144375036,-0.05309845571448822
D,0.0,0.0,0.0,0.10793642149258748,-0.13375226469828824,-0.04454558243180837,0.17526428023725465,-0.34445105593483544,-0.06643078739809477,0.1527145659972829,-0.5209801278423976,-0.09196846372645263,0.06568617084222163,-0.5906705219712238,-0.11670762020101336,0.10112216014201379,-0.5135758134066946,-0.015692019786753667,0.11455040832309522,-0.7296143668383495,-0.06014916739687833,0.13083698571779953,-0.8670280298978571,-0.08474082379926835,0.13491118189471896,-0.9855380309115211,-0.10253664041117952,0.016150503353478483,-0.4934754319087875,-0.028880971374238965,0.040442641115654786,-0.6691872852211139,-0.10998622779968291,0.06995845928608853,-0.5150632652903477,-0.12792457721809794,0.0641739398263846,-0.4207585342856925,-0.11636857022154673,-0.06070169353385313,-0.44756026313410796,-0.04847323327229644,-0.030120513470035273,-0.5674689476061868,-0.1355752926692176,0.006183449408812412,-0.4212270851488063,-0.11321906860594752,-0.0035888912414767287,-0.343777091697538,-0.0721943070712373,-0.14347180890216282,-0.3847637473970485,-0.07156716448250185,-0.10662326827736432,-0.4958424021944455,-0.12084039403522977,-0.06670633897747487,-0.40740779128794763,-0.09014136350360687,-0.0736913792333842,-0.34659205742983906,-0.05410659210621159
D,0.0,0.0,0.0,0.110523905677038,-0.1357425660735709,-0.04566508396722857,0.17667510312581647,-0.3407398074117238,-0.06720686906390086,0.15237704188303713,-0.5095316123824987,-0.09228888136305362,0.08253667975550759,-0.599022798220034,-0.1159211610517689,0.10207565230691619,-0.5178720041894892,-0.015394292190711529,0.11912718332812003,-0.7290881699456468,-0.0590168306833575,0.1333452466552295,-0.8680494846468749,-0.08314969773887743,0.13273626340447223,-0.9860164081221835,-0.10076074280813094,0.016410773492271803,-0.49609322999786554,-0.027954494928962355,0.03137346631597874,-0.6618944769530767,-0.104086756340669,0.06368042672819901,-0.5214478216113433,-0.12144790846713617,0.0607987989174093,-0.4404537616883869,-0.1118303474116284,-0.06186309475071101,-0.4480700419183188,-0.04738544562099324,-0.036683974094956086,-0.5685648015779241,-0.1325884797810525,0.0055302917434820525,-0.4285969689348735,-0.11123109770516625,-0.0005628891745710419,-0.35954405321242355,-0.07240614905857255,-0.14518187770308494,-0.3806634042677569,-0.07050143781610399,-0.11219155658177904,-0.4939764646321074,-0.12193366843114906,-0.06923465604447639,-0.4082828037358877,-0.09338732029683794,-0.07326293633782792,-0.35016308941659813,-0.05884660942770413
D,0.0,0.0,0.0,0.10702899756870024,-0.14475977949073557,-0.04725611766782759,0.17340657620641348,-0.3417537303375854,-0.07405906034703276,0.14035994178622263,-0.5085937553612865,-0.10439438623121253,0.05516923924114261,-0.5872525121080768,-0.13315788637506276,0.09897305074314858,-0.5125363281417578,-0.01840743676509565,0.11129680352642207,-0.7288242167123203,-0.06292147083326718,0.1262262986794815,-0.8698076297813782,-0.08612261761408042,0.12709100251762837,-0.9865840020835429,-0.10246894120602641,0.011215159959890435,-0.488927127698698,-0.0316633743348615,0.035553801701154485,-0.6657207956497357,-0.10727513191916867,0.06914055294087194,-0.513504704542366,-0.12171309779192979,0.06142175732952964,-0.4273661590820406,-0.10956042448045339,-0.06641440967964027,-0.44199935460540624,-0.05198338728381915,-0.037909480681014705,-0.568940807297822,-0.13575083121419862,0.005136530338457213,-0.4286258812295103,-0.11235662210651999,-0.00562172367440843,-0.3579071217318346,-0.07221236141770164,-0.15188611943349703,-0.37614947218243727,-0.07618100041680773,-0.11878642821021831,-0.4964237165366208,-0.1242207586662916,-0.07359459617492663,-0.41477195301428527,-0.09294268734050554,-0.08058603255476231,-0.3542152584999193,-0.05721926002447213
D,0.0,0.0,0.0,0.10275801456721577,-0.135586687550203,-0.044251207043785545,0.17307566082655032,-0.34328638470825384,-0.07098261981059979,0.15354712084070635,-0.5179294364611584,-0.10277226911230303,0.06592425622099204,-0.5920517527675457,-0.13343822820874693,0.10441380296338679,-0.5290056752176483,-0.009011180481809043,0.11896832110914445,-0.731384417307919,-0.05040167573698285,0.13217984190577503,-0.8719117002865449,-0.07051595632571085,0.13230789297743673,-0.9875264289638473,-0.08535908594744161,0.01637364502461845,-0.506545846501921,-0.02400052325403614,0.04347809869290438,-0.6595144828478426,-0.095430215051933,0.07130218650008727,-0.4923743363407702,-0.10403511822918127,0.06048978019197355,-0.4224648931343628,-0.08738575004390055,-0.059790044430897686,-0.45984993675388913,-0.04661862191331851,-0.035237665083516,-0.5744477724322549,-0.1264920122920645,0.004064351035307967,-0.4288130482744833,-0.09789090356750238,-0.007826719135266195,-0.3746476596922828,-0.05573619015349853,-0.14333381317418478,-0.39416825464237804,-0.07333049866036101,-0.1123485316386963,-0.5014282414031688,-0.11764819437427806,-0.0717596344592767,-0.4116500532116954,-0.08227673417298474,-0.080348361257433,-0.3600048872305056,-0.04444213842089989
D,0.0,0.0,0.0,0.11267175208769374,-0.13261705063586107,-0.044317706782713226,0.18621134903412964,-0.34075851583618094,-0.06907516100522733,0.16735593951983124,-0.5177544050520856,-0.09774062302904696,0.07964742727617982,-0.5804277482108858,-0.12548879488445863,0.09720352988734868,-0.5202604054875917,-0.017203661861773807,0.11592295377225706,-0.7312423957717171,-0.05988428595736841,0.13429990858525429,-0.8674448864549054,-0.08108626617634758,0.13799234785149622,-0.9856340765266387,-0.09738366969832118,0.013746572560883746,-0.4996031863838758,-0.03190915006061449,0.04958451161586072,-0.6570570102284464,-0.10651234026715717,0.08048567132429336,-0.49272088210906384,-0.116964714634606,0.0665753434370705,-0.41633932865114465,-0.10277779913434226,-0.06022882254205516,-0.4527967896050689,-0.05342965201377653,-0.019399065746322837,-0.5680493342244333,-0.13917060428934538,0.018480303891333642,-0.41396201356387186,-0.11297051252104008,0.0008693776001054567,-0.3506854667816512,-0.07155846883882896,-0.14068901445368387,-0.3874116067106965,-0.07838815025363617,-0.09792811857784572,-0.49829557720021506,-0.12895971177113963,-0.05617065350413802,-0.4041159382821967,-0.09645001204906,-0.06900791163270598,-0.3482925491326905,-0.060183570645525236
D,0.0,0.0,0.0,0.11156463590886301,-0.1442960934587523,-0.04992352814849352,0.18477849911160407,-0.345588960506089,-0.08341355316402335,0.1669259114230745,-0.5198709826579796,-0.12071984369954401,0.0727976016593493,-0.5898185946622104,-0.15593466261902175,0.10435734407379835,-0.5297023757596763,-0.020046030105553364,0.11653037011674082,-0.7399149584248148,-0.06660352450338596,0.1323856213288438,-0.8707159101613545,-0.08728861382968862,0.13350801773910842,-0.985766143377344,-0.10217984033228676,0.015952019439634122,-0.5042652726923555,-0.034534084117824285,0.05529197048349825,-0.6712186473122479,-0.11129854730059216,0.08466019292778994,-0.4898384671807104,-0.11899617761994188,0.06588916979593915,-0.422388568223201,-0.1019051544442187,-0.06162036812720465,-0.45671425715905095,-0.057265646666103655,-0.020623566732907602,-0.5762701081964404,-0.14700595136639832,0.01679295402910795,-0.4133848094716815,-0.11746623671501369,-0.006028962526568797,-0.3621153346037813,-0.07306806986691931,-0.14602915058569563,-0.3915406402372704,-0.08384254878787682,-0.09619150039796645,-0.5013653891665782,-0.1363245381739245,-0.05646785542369095,-0.400257545179095,-0.10147343586596869,-0.0792582827641681,-0.35096211339555594,-0.06360435199526493
D,0.0,0.0,0.0,0.11429284687537489,-0.1437873977858703,-0.04531368326813108,0.18725182434320614,-0.34794484366236417,-0.07157675415871835,0.17419800254284085,-0.5224829972171169,-0.10164572764387364,0.0847571029653592,-0.5916844756810863,-0.12980964295875358,0.10217338692127152,-0.5296951867204304,-0.013803872016024621,0.11809582527553251,-0.7465402217507607,-0.05803550002672776,0.1349476125713519,-0.870430456308022,-0.08062792593625126,0.13629346850805998,-0.9858100863929632,-0.09799267323601772,0.016879394597085207,-0.5064915406096914,-0.029251496573235596,0.05993530574647992,-0.6748154359510966,-0.10795255204860339,0.08923558843701541,-0.5029474896350898,-0.12320685738683547,0.07063168197112378,-0.4299732555007696,-0.11178535359920737,-0.06005227352289557,-0.45876171335599564,-0.05187226537330206,-0.013981790376860417,-0.5774603949102219,-0.14265789025952874,0.022147739488114708,-0.4166623225446683,-0.11856634248452645,0.0008266933713252899,-0.36035970174001164,-0.07725004548749245,-0.14327644476007448,-0.392549379111185,-0.07763698360997057,-0.09274476703107061,-0.5046094491712914,-0.13158094193812628,-0.051216193498810236,-0.40284225283259123,-0.09893746047104715,-0.06899253478386293,-0.3485455204172739,-0.06192804777306455
D,0.0,0.0,0.0,0.11101641314648364,-0.14284765596641766,-0.04342888646187721,0.18566471585657657,-0.3458826402527037,-0.07122014333822606,0.1763176520329992,-0.5204011537779369,-0.10349654394264361,0.08300919067207425,-0.5947233827891517,-0.13437947665716726,0.10807293511702835,-0.525352027495145,-0.015697108921850503,0.11932527264574286,-0.73825249695395,-0.059461907840543324,0.13457986025385232,-0.871020820733024,-0.0790137660819489,0.13422125084963557,-0.986575749780596,-0.09302121137253602,0.021144696907184984,-0.5002090937233205,-0.03226761218002935,0.060972485120947266,-0.6652280412642703,-0.10444310722466715,0.09115537164464044,-0.48798326495821903,-0.11116927307089366,0.07258278707293568,-0.41985665121933635,-0.09451024841782776,-0.05605156718530643,-0.4519973415627332,-0.056312129969101406,-0.014854126107157585,-0.5746947179067203,-0.1412884498103445,0.022456588144913133,-0.41404752286086133,-0.1107158066777368,-0.0016675623954275273,-0.36119434450652876,-0.066887564477344,-0.14092847933873495,-0.3854321550219069,-0.08375241419475805,-0.09662903824829161,-0.5013253407417217,-0.13226126070213912,-0.05636710619545158,-0.4018641195088887,-0.09488464193900668,-0.07869111492433734,-0.34961306669696796,-0.05594337107310365
D,0.0,0.0,0.0,0.11624258946910983,-0.14484630426628062,-0.04281367928942292,0.19058413124063464,-0.35269731697528184,-0.0670257196663221,0.1716392195809196,-0.5290474948935031,-0.09470017604442442,0.07446555624841217,-0.5914327097824842,-0.12057838510549312,0.10898484841771389,-0.5273418255363606,-0.015396960845618817,0.1229036284254708,-0.744132661302987,-0.05891551927188517,0.13908686647473484,-0.870575260611488,-0.0796393721152088,0.1390658115081221,-0.9856534597792279,-0.09564495436156312,0.021624825434178502,-0.5049099654025313,-0.032405837574912666,0.0632949196835579,-0.6766161122828213,-0.10730188106595055,0.09296896479379434,-0.49956605569777895,-0.11833701698226877,0.07336259435478867,-0.42753896846923684,-0.10502895762549604,-0.056099764701302894,-0.4586160991896246,-0.05649313541443811,-0.01304062148618065,-0.5804485290559839,-0.14409869114436627,0.022308424487639197,-0.4157946383295636,-0.1172676905786937,-0.0028552271218952076,-0.3617988508589533,-0.07571391868888888,-0.1408788539596058,-0.3921686504672928,-0.08362274026605819,-0.09329173526135234,-0.5033637639024832,-0.13415762664393086,-0.05519649939823311,-0.40158333175818034,-0.09937475849009529,-0.08013824178920656,-0.35057648130053165,-0.06248861855547944
D,0.0,0.0,0.0,0.11342030178166723,-0.13729248186788962,-0.04227725205960137,0.1864840671251156,-0.34634827138454544,-0.06683351574872436,0.178606269450722,-0.5269307521407861,-0.09598868738510243,0.08831771207330998,-0.5911025455420912,-0.12377186672683158,0.11014588070097873,-0.5309446662275172,-0.011567078701457813,0.12435273201926399,-0.7415155534955219,-0.05226793998438175,0.14139043913897092,-0.8727876718280434,-0.07096268556351902,0.14295064030763277,-0.9860413375116633,-0.08536741271613961,0.024341777723713272,-0.5075606472431461,-0.027591682261045625,0.059105345388048194,-0.6692833733445913,-0.09942947263809071,0.09012141368463616,-0.4962744959932454,-0.1074778040129119,0.07715954720854996,-0.4260009063593978,-0.09154091576828904,-0.052076318613412304,-0.4587104556976723,-0.05081886127242197,-0.01453976094671649,-0.5714264335366359,-0.13593839571253716,0.02455373477967156,-0.4139478519881098,-0.10883149570475635,0.006816562123948995,-0.360225911264565,-0.06700971910098664,-0.1349127327531311,-0.3917909070033713,-0.077347098757499,-0.09177747774347139,-0.49747894577068885,-0.12727658172304915,-0.051832600630149966,-0.39969604227957684,-0.0939382131579507,-0.06974163035827115,-0.3497410345505312,-0.057599683288962325
D,0.0,0.0,0.0,0.11730861311279035,-0.1459113551091583,-0.04510900160345804,0.19596057883370688,-0.3531624574992664,-0.0741234003480339,0.1814464949847633,-0.5334640728686387,-0.10795101750389749,0.08359596875994743,-0.5999360942178728,-0.14076444433811403,0.10921702643885561,-0.5289558823973242,-0.011870925358858577,0.12265385425583215,-0.7396410425501817,-0.05267847574184003,0.1397256494292754,-0.8727835252378168,-0.0697291113071778,0.14113208922072423,-0.9865749130228518,-0.08216857298350684,0.023850569122560245,-0.5046763284372751,-0.0265269683421644,0.06365783432863334,-0.6678677971272451,-0.09522117754547041,0.09453021554224043,-0.49557380187709416,-0.10085745068946184,0.07636583826153213,-0.4324629123209449,-0.08333162053531454,-0.051450433765184794,-0.45738746888121434,-0.048871970742834454,-0.009505580549890643,-0.5820555761896038,-0.13187857110065915,0.029362363301897676,-0.4217754807228353,-0.10367168310720509,0.006792574680428018,-0.3683663600074771,-0.06128821178078985,-0.13703552371961789,-0.3920526277920082,-0.0746985322062779,-0.09297378359206922,-0.5009858676138526,-0.12272162244608464,-0.048302995401136854,-0.40416618338254184,-0.08901577858518381,-0.06385794493264313,-0.3548753461612478,-0.052588934418031294
D,0.0,0.0,0.0,0.11762635321839725,-0.1465103370571863,-0.04045008674172887,0.19069473451547897,-0.35913669102906154,-0.06608062827612539,0.17338963415207248,-0.539327068378376,-0.09700217448505316,0.0759790194290169,-0.5981753370001535,-0.12711440652676997,0.10687864701141699,-0.5336954666635078,-0.012326269050028251,0.12422913008307417,-0.7505874990758216,-0.054215724538935244,0.14355076259547342,-0.8711880854447305,-0.07557748746827983,0.14644511329541002,-0.9848650325385896,-0.09270758585281705,0.02092068816575468,-0.5104572990256948,-0.029530441703601806,0.06262399149418484,-0.666831452968809,-0.10428169414927274,0.09201569900863996,-0.4974651106555229,-0.11881273019974153,0.07167158593563641,-0.4302308875003469,-0.10894791385775919,-0.05690229066685144,-0.4617605425659663,-0.052995064798643216,-0.012947397932175706,-0.5836944773453077,-0.14067130607615766,0.02563345661455537,-0.42242506168122645,-0.11616234857354338,0.004010558028314734,-0.36171010528484354,-0.07628444993213583,-0.14296145369225063,-0.3943869878334203,-0.0790812148534216,-0.0922186996383682,-0.50501092983292,-0.13259011160558784,-0.04920477627052183,-0.40342695679534524,-0.10079536932996813,-0.06604324170716785,-0.34757720440451373,-0.06502982979397806
D,0.0,0.0,0.0,0.11774831280519,-0.1454167297153292,-0.03739791720414702,0.18626147698024798,-0.3540632238253219,-0.0578525078578287,0.17712413914283995,-0.5293057081830064,-0.08333358141167942,0.0881715126440346,-0.5911697648179403,-0.10815084329187621,0.10753489861680526,-0.5193644715691103,-0.015488162184772551,0.12259368707128804,-0.7389161067216752,-0.05768991881908382,0.14163508996761104,-0.8686595853821064,-0.08005281741304285,0.1457000806648908,-0.9845605668419074,-0.09701534267416918,0.023169198185515875,-0.4979010753113931,-0.03186973470105622,0.05843616740259617,-0.6537205823625847,-0.10625581514521597,0.0924268158605302,-0.49768987661393643,-0.12053727810330647,0.08049869025572648,-0.41987367271885306,-0.11045185565666794,-0.05482037559468579,-0.4525396554875868,-0.05410777493643388,-0.014044932466657207,-0.575286921694681,-0.13644964303619467,0.03025092712388809,-0.4282656807131618,-0.11245764079659593,0.01719107737852881,-0.3601979179405203,-0.07354505215473373,-0.1391769474515692,-0.3884233239466147,-0.07940038907167318,-0.09496981760425001,-0.503328706567402,-0.12766486899949434,-0.04791486465664658,-0.41844976116871097,-0.09724396782016692,-0.05714925749713897,-0.3627924778724851,-0.06293790885935753
D,0.0,0.0,0.0,0.11794856305151331,-0.1381410721229977,-0.041029070544747005,0.1905688871591312,-0.3547209257109455,-0.06755882891656137,0.17601742362801578,-0.541010870384227,-0.0999646425263089,0.07677128772342166,-0.600355603448653,-0.1312610457717907,0.10747653683931688,-0.5260255200604385,-0.011720110524996146,0.12470366022218425,-0.7450296569898054,-0.05418704590295286,0.14412445375165936,-0.871850436487138,-0.07387883856901745,0.14683742845870765,-0.9850745694041254,-0.08981571308468679,0.02087902851813395,-0.503479662817999,-0.028888248265626873,0.062410536353731574,-0.6567183992846871,-0.10698925639934281,0.0918765628197764,-0.4796537213118899,-0.11807062311490762,0.07206067516897578,-0.41629620043246024,-0.10450934251994101,-0.055719871962899015,-0.45673634111414396,-0.052821266781005925,-0.013570858690249356,-0.5820719893706834,-0.14119670788450395,0.0251756309057972,-0.4193424226590855,-0.11121060100459161,0.0033223521558179573,-0.3632819140963528,-0.06790291991141503,-0.1415013302605325,-0.39272562554002244,-0.0799480028012842,-0.09122255532625628,-0.49705145855788435,-0.13231604941449135,-0.05091113242264421,-0.3972725699667825,-0.09854223534054471,-0.07045739253487801,-0.350022357357318,-0.062018902939505266
D,0.0,0.0,0.0,0.11845864630792287,-0.1390377272764851,-0.035769715569836984,0.19062995764118953,-0.3533156312569725,-0.05654959901134456,0.17595677204145066,-0.5367951658091626,-0.083481407573429,0.07980940086696023,-0.5870029550679687,-0.110664160391086,0.11250468570738173,-0.5214296489070928,-0.00944670328155332,0.1266047801725687,-0.7395626650364455,-0.04808982289733304,0.14400114540586567,-0.8706830666711625,-0.069142842001799,0.14627106473602078,-0.9854410593014236,-0.08666426174542156,0.026115664065415944,-0.5012221690310582,-0.025874650539990683,0.05409708605019889,-0.6474219849980963,-0.09938521261680815,0.08682478354303837,-0.48906513555376124,-0.11332939041059728,0.07537529094984488,-0.4100126697952043,-0.10321273894048069,-0.051942862907604075,-0.4546567792750669,-0.047718489449144814,-0.0213795036675673,-0.5735633699160646,-0.12864046476237853,0.02201121814157221,-0.4237390958460693,-0.10254511397941475,0.010773699865216983,-0.3492737218174068,-0.06310827430950998,-0.13817845973926338,-0.38861780888002206,-0.07268477797161393,-0.09799363720265393,-0.4937462904252969,-0.1215599522206644,-0.05426084746947693,-0.40248732313222196,-0.09153757602356163,-0.06214295480782057,-0.34446483599215105,-0.05771517626594278
D,0.0,0.0,0.0,0.11699912143693655,-0.14602036597552975,-0.03938976694628308,0.18818131115973669,-0.35183583615135805,-0.06406787308435394,0.1698925795052038,-0.5295678157342665,-0.09416188129983243,0.07643248261294334,-0.5924292998121247,-0.12404413596336306,0.10960722408270089,-0.5113981639458508,-0.016594441627034388,0.12350385912359066,-0.7315063710324983,-0.0598428934041249,0.14198726876121545,-0.867589360865455,-0.08144317637546998,0.1445947805339957,-0.9846472889850431,-0.09778581562134041,0.024267362174074186,-0.49152707791274036,-0.032684971051674776,0.0593879302492216,-0.6468347202198854,-0.10592167800427604,0.08902048565223561,-0.48369244396268213,-0.11558776066184262,0.07196288143126703,-0.4114109652295189,-0.1024060081053802,-0.05287366030727486,-0.4480880039438723,-0.05525166889398163,-0.017158352826907673,-0.577892023890529,-0.13743197771237828,0.023370816901281413,-0.425328937857256,-0.1083517523441619,0.006531281351392058,-0.3588012750688093,-0.06670616304297328,-0.1394472160258908,-0.38481978586518145,-0.08117669484626026,-0.09858155768587167,-0.4979161820101907,-0.1288562017476875,-0.053921255163935554,-0.40885118805824255,-0.09552974160306552,-0.06513690674125108,-0.3538431824659058,-0.0597096893020404
D,0.0,0.0,0.0,0.0979708151377438,-0.12209559492936131,-0.051152037197698855,0.16739674705310675,-0.30126877576233946,-0.08848352842242868,0.13330341238849128,-0.4247621236132007,-0.12851718761549535,0.04655983192546727,-0.44195015687303146,-0.16690556021341274,0.046683571893451195,-0.5389366409857821,-0.059163071633346026,0.06633751988294888,-0.7372107015900368,-0.11870260911261753,0.07418100022761144,-0.8654201400214828,-0.1508239858161134,0.06939404755766007,-0.9824785796357278,-0.1729748730900765,-0.06021643970641923,-0.5145040517544084,-0.07072381131586963,0.0033525864747746517,-0.557894435223727,-0.15866273724480204,0.03159904643910511,-0.4269557674231578,-0.18001508257135296,0.017378766204111724,-0.3807799091447234,-0.17561708324025554,-0.14383485156286835,-0.4508372229928451,-0.08730338624225079,-0.06058851941327535,-0.4179927520467935,-0.17691579761471102,-0.021258053608040884,-0.29255553312968796,-0.1667093997632981,-0.029749395441128843,-0.26220477720721047,-0.13795257512499573,-0.2136276327174193,-0.3662708784343535,-0.10826031179560468,-0.13438497279191766,-0.34608456914658103,-0.1591649696163037,-0.09209427723725883,-0.2611920726863739,-0.1411167483320751,-0.0965691931031743,-0.2346743181114749,-0.11382796550270304
D,0.0,0.0,0.0,0.0978639373228098,-0.12308454182330142,-0.05208208918269441,0.16331078296119275,-0.30282149351744553,-0.08958941646371396,0.12954495885027523,-0.43121652807109806,-0.12935076886433103,0.042097974496932394,-0.4577839588121761,-0.1679243644730864,0.046660395159072915,-0.5412124914808758,-0.05233646351416544,0.06478914090193053,-0.7390197325501464,-0.11137116451861337,0.0713013779457094,-0.8700508810104539,-0.14539916861578123,0.06427256452187231,-0.9835626984214478,-0.1687407944858086,-0.057318445345691575,-0.5116704929359174,-0.06373545522172314,-0.002501551301708733,-0.5779903717184578,-0.1550819311393868,0.03178049619187733,-0.4400352500590483,-0.1796389711467573,0.020923143679045155,-0.37305399536720285,-0.17512768215651198,-0.13882144785316294,-0.4471378399373286,-0.08059506062452826,-0.05855541879860944,-0.4337370706323716,-0.17376039971719362,-0.022290020171365384,-0.30021481959309,-0.16429885183276596,-0.038381053182554234,-0.2583435400198103,-0.13408261062364862,-0.2085247360163115,-0.36241013567564934,-0.10145771820085168,-0.130653935449695,-0.36106069725437934,-0.15550849318507654,-0.0910464987359133,-0.2706238956099219,-0.1369257310245468,-0.10192651368116297,-0.23754507501880026,-0.10829368032577166
D,0.0,0.0,0.0,0.09485136106785744,-0.1257212766696148,-0.04786535098267953,0.1607184687398973,-0.30198562451662253,-0.08579562158010412,0.12835595814867468,-0.4289788553874621,-0.12706164367798678,0.043979272835523386,-0.45978613473853663,-0.16731881387311806,0.041629847870577656,-0.5546273156482696,-0.0494496911124649,0.06033051556315143,-0.7429818737879108,-0.10530061897088598,0.06748306638322242,-0.8741351131634676,-0.13640088716103907,0.06277389490412137,-0.9854344991566785,-0.15804520236436337,-0.06521112373289109,-0.5243437488762676,-0.06292475196927441,-0.0024377236975674376,-0.5717182458374036,-0.14917001325942997,0.0311535461183933,-0.4258473256354916,-0.1706257215922233,0.016924512882015096,-0.3625825915795748,-0.16555911345008356,-0.1455768974405239,-0.45528311146145717,-0.08113574256803309,-0.0636249985406568,-0.43438027761903053,-0.1711259985989467,-0.024781827565581525,-0.2980023548682338,-0.15910568852399112,-0.0407811478824883,-0.2575840165100166,-0.12870162119974438,-0.21310061376070188,-0.36379035422818107,-0.10291087987281172,-0.13819783810218234,-0.35988371854789636,-0.15599407724112885,-0.09578666309554774,-0.2692681516063498,-0.13529216013057643,-0.10565752822149325,-0.23880134198810643,-0.105385533154409
D,0.0,0.0,0.0,0.09563292250839006,-0.12488018334943499,-0.043879925570423785,0.15843385278073527,-0.3071660694212094,-0.07527421147840346,0.12042773958973736,-0.43238591556048195,-0.11065719803768698,0.03329842658422467,-0.45332390274004114,-0.1454401886216462,0.04746730830300668,-0.540352790008275,-0.04550366384869871,0.060005511177749785,-0.7437221318522537,-0.10093860885732626,0.06562687369188226,-0.8730752973702798,-0.13276282032112519,0.06125127191028592,-0.9861895220193647,-0.1538782257130263,-0.05432451645572673,-0.5082763279311099,-0.05937558407734031,-0.007602185818754587,-0.5737660192160039,-0.14793922608204196,0.0252529652438701,-0.4554535232759912,-0.17440436467769746,0.020949885292297465,-0.3942052967159895,-0.17190372486729752,-0.13657758625734076,-0.44253684710081187,-0.0774958210690137,-0.06517687007081718,-0.4304414239929713,-0.168017875610185,-0.027660208410379652,-0.2958614458778656,-0.15975260017809598,-0.03682267590613841,-0.2432414757160945,-0.13007121757182857,-0.20767929153921577,-0.35695400546287503,-0.09879647936802861,-0.13790996241772746,-0.36046465694165936,-0.14918245492451623,-0.10051093626477954,-0.2716810813329301,-0.12892972467547645,-0.10942177284054394,-0.23461931001843228,-0.09917318211597402
D,0.0,0.0,0.0,0.08751010961928371,-0.16250847653990957,-0.06289138998063787,0.10792238795790692,-0.37110580735978604,-0.07909066709369007,0.03888540144749818,-0.5338819309838873,-0.09115685621389276,-0.048509286191170606,-0.6239832310902673,-0.09768239453207407,0.07896914687544926,-0.5148027435436577,-0.016658079939164412,0.07411660894414533,-0.735666133132026,-0.05260583224423601,0.06976302374618536,-0.8738292778772956,-0.07010944369365436,0.054845886971512485,-0.9949897755467245,-0.08358992307561328,-0.0073670222678544305,-0.4829766163859858,-0.016762611031465598,-0.026542438662208102,-0.6443695229943978,-0.08003930386350977,0.0016190735886486706,-0.49966188599284433,-0.09105572182559252,0.007717905088923801,-0.426851458136755,-0.07804923105145599,-0.08384476920287616,-0.4322872398249605,-0.026359778678285865,-0.10094298567866615,-0.5470836992603699,-0.10482001561345634,-0.052509877994701394,-0.40051150260625423,-0.08678546305320933,-0.04540278602719178,-0.3494555458347959,-0.05120709097215405,-0.15812735495514577,-0.3643184672562885,-0.04118449748530174,-0.16577442392568073,-0.47137980723880807,-0.08783069153194935,-0.12465966341145966,-0.3820133823941489,-0.06120978241177747,-0.12279731326538348,-0.3312978874877959,-0.029231529083655113
D,0.0,0.0,0.0,0.0854756106268356,-0.1571750502308223,-0.06744416198701514,0.1113121054314795,-0.36633414738671366,-0.08560932905841323,0.041608583831798086,-0.5298945461773369,-0.09854807691228877,-0.04346870393174675,-0.6260034439050323,-0.10452210050569413,0.08005587719971959,-0.5216640411091936,-0.019993094298092286,0.07629862528430041,-0.7420417269137324,-0.05946887802294285,0.07233797445996679,-0.8757173172643746,-0.07576172155643679,0.056736774945803536,-0.9945736550781582,-0.08720196668207585,-0.007182656392205822,-0.48724354293735234,-0.017854548354047033,-0.024444351100596038,-0.6349556443205608,-0.08178781977284383,0.006603975902651067,-0.4790225721930644,-0.08757082583623026,0.012311328099403909,-0.41840095753969386,-0.07075291583222242,-0.0835336542471284,-0.43497876314320866,-0.026494557597571907,-0.09876288270976778,-0.5367062908873361,-0.1077974138686639,-0.04899516881757698,-0.38170122628176184,-0.0851237737529041,-0.04315182008472054,-0.34195289497107706,-0.04611178274278343,-0.15794057698370925,-0.36470748580005674,-0.04069075407115061,-0.1645488565742117,-0.45942940424912593,-0.08900512085225326,-0.12129493977153998,-0.363083869900187,-0.06007259438894073,-0.12025235483689765,-0.3191465274667162,-0.0258229650392834
D,0.0,0.0,0.0,0.08383340791904847,-0.16039218377152303,-0.06347207348656031,0.10852423420646266,-0.37425126901454214,-0.0807264545399958,0.03838156907429635,-0.5371269539403243,-0.09387013710056336,-0.052708098274932356,-0.6194018830070217,-0.10108202927655378,0.07532368202766158,-0.5306492682610879,-0.016470729923673873,0.06796477547676012,-0.7436224729058203,-0.05628117920365842,0.06309223248361386,-0.8764562346270051,-0.07399975639847804,0.048012425190836865,-0.9950891466312903,-0.08655863494709615,-0.01074359883377528,-0.4956316889699609,-0.016971829435712887,-0.03290891985981295,-0.653398050222697,-0.08413457859102388,0.002371135175155678,-0.49413964450572906,-0.09230662407927291,0.013322025276068374,-0.4201766026515706,-0.07530090184815201,-0.08623563012752244,-0.441787615912209,-0.02760794044169175,-0.10615469665186295,-0.5490103219057395,-0.11191269843062955,-0.0538355524147867,-0.39235497261463587,-0.09063131090282597,-0.04395300449315737,-0.3410874621085284,-0.0505765255290624,-0.1607727503014603,-0.3689303937528761,-0.043327767426648886,-0.17086911310749725,-0.46885210694065915,-0.09387730143024405,-0.12581701223935407,-0.369961125281571,-0.06559412547144122,-0.12028658241476299,-0.31820074883394606,-0.030853593971023798
D,0.0,0.0,0.0,0.08465690069108912,-0.1697879395478,-0.0630526501946971,0.11089254585549198,-0.3774035327227797,-0.07881898730750962,0.04349025627298647,-0.5330545205069613,-0.08992354758200696,-0.04818616620399804,-0.6123699333127178,-0.09479039503671197,0.07985209970678646,-0.5246804904530059,-0.016722231806993858,0.07454202012649284,-0.7397333559615009,-0.057180996482328356,0.06938697301137073,-0.8736409567945433,-0.07759778017203008,0.05384917066180954,-0.994306843010582,-0.09194655383082657,-0.005702515971613312,-0.4912613842047639,-0.017530512231681606,-0.02539679563579015,-0.6526542655370258,-0.08606193331022077,0.0058352478705204144,-0.5013310609188242,-0.09853015144697,0.015792149348576916,-0.42176103323938224,-0.08420122562699216,-0.08260216803606,-0.4384918154310883,-0.02835334787879694,-0.09617196215495367,-0.544214313189947,-0.11134959513130027,-0.04869720410539062,-0.392155658665692,-0.09454828656167467,-0.04167486963546189,-0.34235722179257766,-0.05758249457146382,-0.15713702251513456,-0.36603720866934536,-0.04426788874547086,-0.15861559023966557,-0.4637165015915044,-0.09084990004574049,-0.11898430297610059,-0.3705977749234189,-0.06359700500815137,-0.12027659735208966,-0.32374462004522603,-0.030512840457443173
D,0.0,0.0,0.0,0.08145317233083296,-0.16164336174669075,-0.06422079077103243,0.1084594266305822,-0.3694009760317521,-0.08422113169842284,0.04438136136014324,-0.5227642185789316,-0.09961976108241159,-0.04951726012470248,-0.6052458542362509,-0.10969689999927731,0.06664327368831491,-0.5275173182660429,-0.02463355164146864,0.06199593511551084,-0.7409872360739165,-0.06511780897682538,0.057769568563435056,-0.8756683326568973,-0.08312782116531338,0.042151954508111045,-0.9945575299601553,-0.09528133254053975,-0.021327778288845595,-0.49021265902662253,-0.025736064878997413,-0.03350701963175147,-0.6548312373543029,-0.09224645820077655,0.001924624980903048,-0.495422630682871,-0.0994312529268695,0.006911976845341868,-0.41822209805071475,-0.08180982676049275,-0.09841171965466068,-0.4345740231550589,-0.036553834522719396,-0.1044592230682037,-0.5445572922884965,-0.11911827153916568,-0.05370558743907866,-0.387637748706751,-0.09735586654716626,-0.05317023029409024,-0.33715947972100846,-0.057677385893695796,-0.17379813496833466,-0.36092591409562924,-0.05236356678426349,-0.16836888615979326,-0.46389605811195084,-0.10010281427556307,-0.12575257217002767,-0.3657837052524023,-0.06947751759752017,-0.13247355059338753,-0.31452432826440646,-0.03392404004193245
D,0.0,0.0,0.0,0.08455872965748067,-0.1631001616215182,-0.06086742901505208,0.11095802065479636,-0.3720465033017853,-0.07917420620572954,0.04616522827253894,-0.5324168808801263,-0.09460097353963366,-0.04846475416219944,-0.6102225801371741,-0.10529209573773371,0.0661859740622297,-0.5243979386642785,-0.016697563457238475,0.061908725546565055,-0.7395031607225835,-0.05413426353210067,0.057465972449905305,-0.8778962367317636,-0.06950388877990503,0.04145684805096092,-0.9959399768574381,-0.07990552075348231,-0.01873306236069791,-0.4897735470855069,-0.018603977119152553,-0.03555405291781646,-0.6530109236296365,-0.08280248088656747,-0.0003914186700351363,-0.5006623105133479,-0.08822813162121373,0.008267031096494893,-0.4262080958205356,-0.06889253229515883,-0.09351196975970927,-0.4369521183358863,-0.030250244867561088,-0.10371889194379975,-0.547409862252758,-0.1115109908453295,-0.05170395364529708,-0.3965355367966531,-0.08994862666457505,-0.0468175703238181,-0.34299107544796337,-0.049718292375986135,-0.16780719791633214,-0.3654999672486517,-0.04680615846978041,-0.168761318722483,-0.46848171536235955,-0.09501470139395234,-0.12309918943407336,-0.3761903670861161,-0.06641298321568015,-0.12099345778379163,-0.3236250907777271,-0.03148322627748518
D,0.0,0.0,0.0,0.08373780077154087,-0.15927464982717515,-0.06301340748362944,0.10869962421445716,-0.3760433146554162,-0.08004310164317802,0.04455924460266638,-0.5380140626907207,-0.09279339941912335,-0.05295488984650763,-0.610688250634099,-0.10063741860866166,0.06612345399397213,-0.5266859008621049,-0.01829081766930253,0.06085374019812156,-0.7386186557247985,-0.05574209549171435,0.057075958936243856,-0.8741954758324133,-0.07463619217038801,0.04069040895319947,-0.9952181976228026,-0.08879768994541211,-0.019650990481642944,-0.49293103664045135,-0.01870323751464148,-0.033069836423227375,-0.6508305162119,-0.08446980524971869,0.0027664920657926163,-0.4986210946379887,-0.09592831516921542,0.007170415250900211,-0.421097806293019,-0.0815608514272905,-0.09558738861275184,-0.43742164387885774,-0.0282397229830666,-0.10466624460515607,-0.5424113233596632,-0.10968359294033195,-0.05172791010184648,-0.39312398715834895,-0.09241577271375752,-0.049587156170425264,-0.34051998982986803,-0.05578233557514312,-0.16986865621291533,-0.3634308350642338,-0.04259006986291213,-0.16835316932886396,-0.46452045255718266,-0.09155016717290802,-0.12249695491273171,-0.3729085671506818,-0.06470586745331534,-0.12279569136987031,-0.3210295054194744,-0.03140186924430299
D,0.0,0.0,0.0,0.0875932985468772,-0.1625374038877178,-0.06184413028976001,0.11798163476584195,-0.3776015049188819,-0.08072634605149803,0.04425840364724002,-0.5338590221848237,-0.09599330357088227,-0.054609612369728555,-0.6051407083945229,-0.10628066996810676,0.0681867242608198,-0.5254120244540315,-0.021777893750385847,0.06466549097332822,-0.739302471516287,-0.060836412938449755,0.061012230943048286,-0.8747087868321465,-0.07780012357469338,0.04318346443206081,-0.9949449851589339,-0.09066236764354657,-0.021088456584990298,-0.48726769378037893,-0.024559716217590205,-0.0332328815657723,-0.6445773542771336,-0.09054806545705496,0.006786486667202844,-0.48187128724318157,-0.09685580252996898,0.010650202481721981,-0.40912563748986097,-0.07990343476169037,-0.09732718387130238,-0.42933780558057866,-0.03674827025516173,-0.10637461154745798,-0.5397033426767429,-0.12028408712040595,-0.050437404469156656,-0.3815883597560942,-0.09673956675551772,-0.05008773035182305,-0.3323034415560772,-0.056440918031783645,-0.17358938559389647,-0.35302024218166633,-0.05370848686403968,-0.1699416210241334,-0.4582025423325351,-0.10303495600356663,-0.12429008421326741,-0.36093261980291486,-0.07219266760783061,-0.13043821547302129,-0.3110077857560429,-0.03696029919978038
D,0.0,0.0,0.0,0.08369420014752342,-0.1590324809861911,-0.06598258561711691,0.11592377725989962,-0.3737117509120356,-0.08530999943475341,0.04474656323260324,-0.5307754354905899,-0.09933314533605703,-0.05062662947115238,-0.6064522516178209,-0.10806136865890341,0.06771777686608979,-0.5202579106979257,-0.027401615408244685,0.06601227814480856,-0.7360833159273751,-0.0686847408778783,0.0623990414847697,-0.8710023828555803,-0.08777639692272662,0.044734419381570606,-0.9937966625619922,-0.10181858967418338,-0.020151533540647124,-0.4855297531962712,-0.027982949274288828,-0.03109497507511509,-0.6480615628766699,-0.0959261590956862,0.005143022676434528,-0.49040004804504544,-0.10430352519173573,0.008857005810124004,-0.4160731668219894,-0.08825127068409137,-0.09635786227854681,-0.43032462051484366,-0.038140720960454254,-0.10220651732699479,-0.5373949876300088,-0.12322780894894052,-0.04898849859386782,-0.3809171929817216,-0.10239308202359304,-0.04796570139739875,-0.33155752673981176,-0.06329771329518545,-0.17089186739658963,-0.3559913620739269,-0.05328542189146752,-0.1661614642842918,-0.4602937452665703,-0.10441969740912123,-0.12180418271216477,-0.36334415858184127,-0.07556150605762213,-0.12706362353592887,-0.3124341499723464,-0.04113737308909989
D,0.0,0.0,0.0,0.09434892032688517,-0.1538994257176995,-0.050951806579348544,0.134826592226668,-0.3675840890566383,-0.07704115778363502,0.1030713657776586,-0.546376552057768,-0.106632316319219,0.016051143090328356,-0.6047845685216768,-0.13358895995079942,0.031171015952221777,-0.5138698331274952,-0.01709953523038505,0.028542068716677416,-0.7390113641389474,-0.0671835713846918,0.033579607802593246,-0.87499643449425,-0.09212692762650454,0.027550872572518634,-0.9937655685677219,-0.10803214405798575,-0.04883344061510701,-0.4888300714046694,-0.026568794599389704,-0.015992157715882686,-0.6691722777061553,-0.11625577512141602,0.029231888562700353,-0.5358114518800062,-0.13534803246937985,0.028505387606828515,-0.448095228646825,-0.12149123936255822,-0.11799479987545278,-0.44025810126489556,-0.04427668015700183,-0.04710338211542035,-0.5275266268496646,-0.14268641264548598,-0.013727603044112031,-0.3772924904930207,-0.1307323177490364,-0.03791174092987635,-0.3008852012255996,-0.09282926003060323,-0.185782028328382,-0.37332636228598814,-0.06562545978626687,-0.11205514734072551,-0.438442856598014,-0.12522230782925636,-0.07629630539659624,-0.3475377953426937,-0.10803369763063274,-0.09819143453735729,-0.29285768141635915,-0.07924206636301905
D,0.0,0.0,0.0,0.09013418008151709,-0.15298609711622269,-0.04738299594754861,0.12690275170567822,-0.36311829464551876,-0.07245087440428541,0.09491723044094035,-0.5312947528487514,-0.10109964572469161,0.011586551730321304,-0.6039362700190473,-0.12754259857565572,0.028211000149540612,-0.515268338387996,-0.02233566769902259,0.030645474670721224,-0.7388944997919675,-0.07512835534959111,0.03898877439121998,-0.8727840848126974,-0.10073913926567091,0.03391220293986174,-0.9925496465829523,-0.11702632848988342,-0.05412078408223726,-0.48420965441309444,-0.03373394288288455,-0.017371210587003975,-0.6530513185306429,-0.125000801588648,0.029998181277965847,-0.4942789341466866,-0.14085716583288416,0.02557487405988317,-0.3998943298203301,-0.12510585954535738,-0.12438929924852618,-0.43096889080297845,-0.05279585972485212,-0.057383984127434035,-0.5213138144146736,-0.1535136599554522,-0.015278430984682493,-0.3586910521007296,-0.13403279196408815,-0.035927904419104595,-0.28633762798553214,-0.09108312820541194,-0.19253110958226535,-0.3597028381670575,-0.0749716631924743,-0.12384418864921835,-0.43497722460490895,-0.13700752577665398,-0.08193553754271168,-0.3361134042810536,-0.1139837611794762,-0.10082863395775582,-0.2821895222350612,-0.0804516734817071
D,0.0,0.0,0.0,0.09400020763376524,-0.15310865842931548,-0.04854461108294228,0.1309560080828425,-0.36348242852822654,-0.07477180412769156,0.09833795730007767,-0.5337813625914725,-0.10507803847973628,0.011141282361042837,-0.6029590635866613,-0.13338698414831415,0.03535443195975694,-0.5144948714761188,-0.022068993431232933,0.03762145826242117,-0.7381892955236069,-0.0742898395159616,0.04690849577867514,-0.8742551100054822,-0.09950502019331271,0.041896772688407684,-0.992412370946708,-0.1155956159645756,-0.04640478789001944,-0.48064242964280535,-0.032420303434337744,-0.009608074614436425,-0.6371065051144406,-0.12269582681206107,0.037244801998184175,-0.4792264583736668,-0.1369241006905235,0.032538847999731266,-0.39119140629925103,-0.12078224804073975,-0.11438299613492917,-0.4275392129233203,-0.050906874983363506,-0.05005902162839691,-0.5184042990352171,-0.1509213607717428,-0.007255438418923538,-0.3593649743823654,-0.1308322087501904,-0.02657151129661496,-0.28977640043009717,-0.08820632911706497,-0.17999902568034606,-0.35974381179036924,-0.07275122151040227,-0.10646844333396223,-0.43512345876509567,-0.13471793341100993,-0.0698624438164927,-0.3367597367042722,-0.11286311994991816,-0.0945385411797196,-0.28609640193097385,-0.08069847442768618
D,0.0,0.0,0.0,0.08813675842201446,-0.1540044173681528,-0.047418324178425585,0.12712946767212888,-0.3603940783634595,-0.07461510604867215,0.09884177042672541,-0.5299794118231984,-0.10649135299400439,0.015681073055857003,-0.6019011550692965,-0.1359808824305461,0.030575687869696867,-0.5107740741504138,-0.019608483379561337,0.035387880618150847,-0.7375812324120811,-0.0724821806012782,0.04466479954680873,-0.8729197347727491,-0.09748252692448012,0.039956874171555974,-0.9928365308810686,-0.11260138167217734,-0.050851376027958514,-0.48014769123724194,-0.0320801020441239,-0.017261662303228027,-0.6643681356936814,-0.12424272770453025,0.03208941446513334,-0.5185487756286403,-0.14064723273213822,0.033772763935764435,-0.43171762009655296,-0.12390007374006952,-0.12045813696445355,-0.42888239702999187,-0.05240676783647448,-0.047784873952246745,-0.5223558363799797,-0.15518621153997883,-0.0076631723825816055,-0.35704724639869423,-0.13710653504284087,-0.02881917312010459,-0.2828217559607362,-0.09334661633200458,-0.1859406505938131,-0.3625240922711944,-0.07580982209434964,-0.10785041666585898,-0.4371973432553044,-0.13731660262924028,-0.07353603784669843,-0.33519987487907743,-0.11444532824506007,-0.10088875407406618,-0.2801509492513912,-0.08061621745354136
D,0.0,0.0,0.0,0.0950960472936796,-0.15220292581378436,-0.04961745009111331,0.13847627406820404,-0.36959904154672585,-0.07543954926746414,0.09817452579020877,-0.5432177874869246,-0.10421001678298329,0.00609287944154153,-0.6081463991288509,-0.13091862543953986,0.044675006718722654,-0.5078982410908457,-0.021718284403032324,0.0471860199310662,-0.7332460364640612,-0.07131582293696487,0.0583426795566703,-0.8710164239566845,-0.09450483427527329,0.05312042800864136,-0.9924853445422394,-0.11023185110053794,-0.03809761830700223,-0.47882949429553057,-0.032395088001630504,-0.004122046878544199,-0.6512043089291863,-0.11914760506361986,0.03799151139373779,-0.4898636486667293,-0.13312908565251744,0.024277261754902645,-0.4010193655821158,-0.11703074630627201,-0.10682196361888809,-0.4279334530322327,-0.05082153532345024,-0.04684082795999164,-0.5252742816467924,-0.14992504350317998,-0.005243059527123648,-0.3628000688278246,-0.13025325241266023,-0.031839653044563564,-0.29519315333368074,-0.08786207642591673,-0.1746579046842599,-0.36088669935941337,-0.07221843362450404,-0.10803488965856803,-0.4450701329279971,-0.1335711949202612,-0.06838507879181178,-0.34760376743293886,-0.10977879525107673,-0.0948458003397988,-0.2965751614286535,-0.07653192510706598
D,0.0,0.0,0.0,0.0959782123352542,-0.166787076353943,-0.04837870926817498,0.12941345354148615,-0.3831338028540992,-0.07578943522303361,0.08415090274182277,-0.5516145736416651,-0.10689172308217902,-0.01374333317510734,-0.6329672204019583,-0.1364033593056405,0.029738437715174995,-0.5091956462776239,-0.022742061415722055,0.027248809224972272,-0.7323948619557175,-0.07195953478463886,0.03855331973386068,-0.8705911397565305,-0.093708720899614,0.033110656392724244,-0.9935023065180746,-0.10888917015253881,-0.05168383449122555,-0.4717484623566384,-0.033542480653599493,-0.022370591432545855,-0.6378811453861705,-0.11708219961928772,0.031625122722437726,-0.4697686810437378,-0.12579843962619644,0.02310863547278358,-0.3874995258417765,-0.10958348361646372,-0.11966073894655888,-0.4129954625818095,-0.05234501618821634,-0.0661380198571145,-0.5327547362038976,-0.1537030822702383,-0.01165342487190946,-0.36417543074080255,-0.12524970094842225,-0.03277347745946846,-0.2915288986013706,-0.07837258041917833,-0.19104549771372867,-0.33830954173316924,-0.07362031276892017,-0.12525367303468962,-0.44820704713251125,-0.1406731952452357,-0.07811488462255455,-0.34097648970482525,-0.11297279559148357,-0.10469191205096373,-0.28201425580418144,-0.07727076489027922
D,0.0,0.0,0.0,0.0970634200956686,-0.15953238411573092,-0.051192368432409645,0.13035022304980837,-0.38773953757042745,-0.07208903739521909,0.08631504740786304,-0.564831660079549,-0.0957467296212043,-0.009438846550629583,-0.639079515622949,-0.11818037006152413,0.04040311002503817,-0.5074021168648563,-0.018673295932445114,0.04205554211517694,-0.7329423841055438,-0.06379824141589024,0.05076953158624525,-0.8722159781710185,-0.08438563766455823,0.0428801012617341,-0.9941860047609041,-0.09876985802022273,-0.041751969492112816,-0.4712644399227859,-0.026730101146950055,-0.016393353879856888,-0.6451717153351668,-0.10696984875717559,0.03209657350984329,-0.4937979715326492,-0.11951175105027155,0.027429882830656387,-0.41050381030788313,-0.10558903095955828,-0.11289746266905425,-0.41499069147896184,-0.043007884104359136,-0.05977095692965003,-0.5324260389776447,-0.14149220273285085,-0.013981918192992082,-0.36498628681003126,-0.12095101053997732,-0.03642684175198476,-0.2893726426191057,-0.07947887679876449,-0.18704900198154847,-0.3447553398586868,-0.0621392672780932,-0.12643129787309074,-0.45557764519979016,-0.12654225058898028,-0.08384468376521598,-0.34943031503043476,-0.10248846956974346,-0.10685756331856971,-0.2846524269140677,-0.06999229986463493
D,0.0,0.0,0.0,0.09694453385582438,-0.1543486776809172,-0.05164352216684969,0.1316737283620509,-0.3770486956473,-0.07032176319590233,0.086096654991995,-0.54306833250363,-0.0908042426803714,-0.005067623284545816,-0.6178845919146649,-0.10975300732626593,0.044861159028305946,-0.5099148773075038,-0.01789032416122711,0.045525987594822404,-0.7318853533021512,-0.06471273593343231,0.05316017164291512,-0.8696365408702108,-0.08887394418828634,0.04537843817696922,-0.993319733362376,-0.10609761854781291,-0.035840809559491864,-0.4736554640562593,-0.02534631446121134,-0.01663127379242898,-0.6384518962609088,-0.10990083322090548,0.03144857447098004,-0.4833014002251395,-0.1270897874472295,0.030456111994027486,-0.39070001345034,-0.11520009945938631,-0.1066676694783396,-0.41360527685084564,-0.04083162095967043,-0.0648394072847065,-0.5232846525559749,-0.14139551688496463,-0.016022240025120062,-0.36011090720347,-0.12262406304518347,-0.03072966347761024,-0.2864460755029353,-0.08118510692255555,-0.17937557042827124,-0.3383563580249838,-0.05907092387526426,-0.12543084685174213,-0.4431022462799793,-0.12411935652906077,-0.08441710310792143,-0.3379455313576731,-0.10014743676819346,-0.10636086943154621,-0.2771901321377232,-0.0669452503088209
D,0.0,0.0,0.0,0.09879739400510001,-0.15569944963084764,-0.05461667910442163,0.13766136576962595,-0.36808064667314255,-0.07573479826949689,0.0891805361828101,-0.5312179134123132,-0.09845532608300371,-0.0031012012420291754,-0.6160376491960482,-0.12000313660020331,0.05226420637776999,-0.4986144442520183,-0.024145375237862036,0.04841013633714751,-0.7256393401174369,-0.07302181512570642,0.05336209830379315,-0.8653549601360282,-0.09885638327029846,0.04389893390284694,-0.9921693482976376,-0.11693103908216462,-0.028238948063868823,-0.46195477101232263,-0.030716520294962642,-0.012003828276678109,-0.6239839854596271,-0.11669274451600656,0.03346595542699732,-0.47256698692786775,-0.13531845707111226,0.03289354044992581,-0.37828938158172437,-0.12480562670596115,-0.09860048325298741,-0.4031002794516562,-0.04523766864908895,-0.060400369758120166,-0.5165138605850444,-0.1462934141464244,-0.01233282378474996,-0.3541540049366091,-0.126777327982452,-0.02398447374678482,-0.2755525561525461,-0.08466327341795421,-0.17161644979453086,-0.3300194153620873,-0.06279532193685933,-0.12382022852029255,-0.4455898561290809,-0.12785519432826167,-0.08128478709282996,-0.3416819412086865,-0.10215164213353889,-0.09721395107477594,-0.27565072532111384,-0.06726553409241118
D,0.0,0.0,0.0,0.10322975923190549,-0.15948861334129913,-0.050595796003746876,0.1391958259792999,-0.38005548236363235,-0.06901362126517588,0.08981923803267713,-0.5465950445101756,-0.09000316623715279,-0.0067784449021759344,-0.6171853222926997,-0.11040406188139218,0.04988629508917053,-0.5012291715918858,-0.018122466912358325,0.04678715512362882,-0.7281403304038448,-0.06473972077622096,0.05426903032219247,-0.8660940680951076,-0.09022616311201745,0.0462666855836455,-0.9929692449888194,-0.10895628624103258,-0.02996681941955248,-0.465037740242191,-0.0268093842090364,-0.013131272860433885,-0.6289346315730925,-0.11294999668141742,0.03441011107547846,-0.4841390584587584,-0.13466652366283685,0.033636366449178466,-0.39310201928159033,-0.12638509202145695,-0.1006040212548956,-0.40605169462262836,-0.04285292818303881,-0.05739026907713518,-0.5177711916982788,-0.14530228355523106,-0.008907247114928225,-0.3533914992184185,-0.12872021836171332,-0.02343978412147105,-0.2745055654925705,-0.08814964821347288,-0.17371298703460397,-0.33257106738481224,-0.06138781245390851,-0.12215091491540168,-0.4427282948487179,-0.12777753997033328,-0.08195307349634802,-0.3371293731946661,-0.10395755622212227,-0.10300389238439135,-0.2719327785109435,-0.07047728937908196
D,0.0,0.0,0.0,0.09887252973064965,-0.15570819883244855,-0.05014163738339004,0.13402049066504956,-0.3751078961767741,-0.0673028773367436,0.08790311640421763,-0.5403565844830629,-0.08673244673713056,-0.005451133135385437,-0.6162257838636596,-0.10494826031587089,0.045381776109306514,-0.5022668060779416,-0.015998646894440385,0.041360717097273667,-0.7296522581790541,-0.06116158174488395,0.04740941589288969,-0.8685468774091076,-0.0844491502904714,0.03790415346109869,-0.9941546112433881,-0.10109344238824321,-0.03351026293872467,-0.4663882075346722,-0.024604779517131883,-0.023191471511364702,-0.6412538064284712,-0.10931186636587097,0.027436545754061466,-0.5008466530399008,-0.12902278929840014,0.0307201374245826,-0.41268005273953967,-0.11802713542023761,-0.10324384618934315,-0.40719081688520303,-0.04069575318637968,-0.06440768584431408,-0.5203047770132754,-0.14025532706136296,-0.013820503190895974,-0.35851430585738026,-0.12245279318588814,-0.028109454149123816,-0.2860197133212522,-0.08096059474876194,-0.17528717312762862,-0.3335530708886171,-0.05944450608022385,-0.12750722626591934,-0.4433246317535229,-0.1222745371639269,-0.08755228382217659,-0.33806543929935245,-0.09690977283389395,-0.10972662841331242,-0.2773736312558491,-0.0625343445262292
D,0.0,0.0,0.0,0.09941195115003525,-0.14524916940630492,-0.05207218331436098,0.1370499208771686,-0.3656775647029066,-0.07259162403636522,0.0902744879877455,-0.5348281563533668,-0.09471195700933926,-0.0032769504842996467,-0.614381326550521,-0.11532405322709914,0.0456833069590562,-0.4979832235334571,-0.02546683487309561,0.04100111053787255,-0.7261404714829208,-0.07267311648890727,0.04834117609530832,-0.8657579549375346,-0.09585771028878758,0.037260421735736196,-0.9928436942264275,-0.11345950734467017,-0.03478008749115358,-0.46474962243937457,-0.033451502419256395,-0.01665205697210062,-0.6334998299571301,-0.11912619916814608,0.03518555427599876,-0.4799968629944904,-0.13511737713700825,0.0290527259819156,-0.39115339213758094,-0.12270024319772392,-0.10418205597725524,-0.40649813370981525,-0.04884617567977275,-0.05882289336879561,-0.5195492744990099,-0.1502833847411878,-0.0067699494778970986,-0.3547024006518879,-0.12985405818886891,-0.02783160090848884,-0.28434317548376825,-0.08786767374388679,-0.17551944112915394,-0.33267819512718805,-0.06693694982173569,-0.11598426059418432,-0.43431112208933875,-0.13503683320757692,-0.07610849219221684,-0.3293870704862148,-0.11268788379408787,-0.10609227414229919,-0.27426198551628533,-0.08071052997352299
D,0.0,0.0,0.0,0.10029725617834712,-0.15423640988490636,-0.049550842273370733,0.13773084905328106,-0.37559501290400893,-0.07183082570325389,0.08859779656438942,-0.5498237333925293,-0.09807876004095169,-0.01174595152416489,-0.6184666711698604,-0.12351396933219111,0.04686858077599176,-0.5021663685720656,-0.01615129590168706,0.038106721118087945,-0.7295599156978382,-0.06274056760360402,0.04491262019563953,-0.8712052329223365,-0.0851789499760179,0.03272901334390702,-0.9942740904012897,-0.10172435717281497,-0.03382157323377584,-0.4658701773213825,-0.025569213675509038,-0.018950045203028006,-0.6298327952671167,-0.11263647664614791,0.03414070288902515,-0.46589901952493695,-0.12746291182880126,0.028564256548063518,-0.3712378312575857,-0.11293779516450071,-0.10204988639831793,-0.4096077195464143,-0.04282393639510635,-0.0639685636385839,-0.5296621003998891,-0.1445665896503065,-0.010435998906012486,-0.36203508766723874,-0.12067830360673422,-0.02882010554775305,-0.27957989124542343,-0.0754809114927288,-0.1746279195446821,-0.33866931544937845,-0.0629996631448628,-0.11986016233351983,-0.4461032233380783,-0.13133838562780006,-0.07837875990601045,-0.33990501015539437,-0.10750496793041753,-0.10546503288884561,-0.2757924507393632,-0.07367320665459012
D,0.0,0.0,0.0,0.09569285351419038,-0.15549248812530447,-0.04943951850990997,0.12813002411362878,-0.37098712415661916,-0.06764104799723158,0.08536402384071987,-0.5379954290689181,-0.08848701592793448,-0.005046831143166699,-0.6201995359524874,-0.10787861421348295,0.04468180355605178,-0.504480673425526,-0.01694369182072267,0.03704928961441198,-0.7306769098484994,-0.06162978982432666,0.04036682954009627,-0.8703800945208631,-0.08329784805841674,0.02723973965170113,-0.9947400552575738,-0.09874319748654393,-0.035324632237070205,-0.46985531662717817,-0.025388046409579215,-0.027757571287416846,-0.6459356668823054,-0.10710471765765216,0.0246796877815059,-0.502273589847293,-0.12276140458797451,0.028318265944433412,-0.41305196649324855,-0.1094861042188313,-0.10647768201900004,-0.4119165308512891,-0.04141536814739999,-0.06804866650271466,-0.5294460664132028,-0.13869528023311553,-0.01582297119771267,-0.36580605645687847,-0.11857902899369949,-0.030612885659073018,-0.28774684717535304,-0.07645451691479041,-0.18022770958474577,-0.338148764366255,-0.06034698992047298,-0.12597775017580923,-0.4409880130298319,-0.1250626220945331,-0.08555907954913963,-0.33537859680718296,-0.10241861105840187,-0.10957670742055263,-0.273708628469306,-0.06984317644367354
D,0.0,0.0,0.0,0.0948491561810963,-0.16546908043262237,-0.04686229895300278,0.13009584083804884,-0.38265587183970384,-0.0656439638942814,0.07691729501972681,-0.5462289704624964,-0.08802372057474533,-0.021583875075574244,-0.6085837373969486,-0.10988760485440806,0.038850682354223065,-0.5078706007227549,-0.014768792051056584,0.03440479056064473,-0.7316670146990151,-0.060983028435551666,0.04040081565031134,-0.8681109507539467,-0.08585399692145972,0.029427353389967843,-0.9941125307529176,-0.10427994568703733,-0.040177862301558634,-0.4706044535273627,-0.025240506345601203,-0.029517822969435458,-0.6378311031688656,-0.10981976181923893,0.023400586210190876,-0.4873161464931617,-0.12883874929156738,0.02614512290251905,-0.3920569493863554,-0.1188965194646578,-0.10983255811907225,-0.4102602924815803,-0.04295382647159765,-0.07463769584259142,-0.5313375752084937,-0.14148138810229255,-0.020212631465747168,-0.3725202047303201,-0.12185912370927472,-0.029822608834243824,-0.289680153269023,-0.08013108236446992,-0.1841072045165509,-0.3331340976400084,-0.0632439719216945,-0.13761843028805248,-0.44760710106578594,-0.12586296071604303,-0.09309963847200657,-0.3485599660892155,-0.10051343578603467,-0.11086783460126474,-0.2813781786392693,-0.06652172376238465
D,0.0,0.0,0.0,0.09899744338911615,-0.15575149922316173,-0.0493472042683958,0.12936039215372316,-0.38312706469772945,-0.06534014059409861,0.0745510673188118,-0.5522759732967722,-0.08342573228705481,-0.0260014299051317,-0.6180036414735246,-0.10018666558076282,0.043487854582330863,-0.507996191796771,-0.012644592573517658,0.03699659761382438,-0.732508094276128,-0.05401539013841396,0.0428466525404438,-0.8717511261999299,-0.07465224431339776,0.029683151798174066,-0.9954164644450252,-0.09091189587228149,-0.035206319409321646,-0.4709677241316171,-0.020890688532697158,-0.027092028909344534,-0.6369675646542193,-0.10083366051615417,0.024981149683898266,-0.4830159923666968,-0.11710385166913442,0.02172367957506845,-0.3960550486845318,-0.10531839257579545,-0.10451052369043924,-0.41154550175254623,-0.03675347891699367,-0.0733973129835239,-0.5286366551088749,-0.13460747228572642,-0.016100369830156017,-0.36722361669849496,-0.11625062424275708,-0.031034266543071523,-0.2954690001909546,-0.0756645204735748,-0.17820870165394573,-0.336510316658607,-0.05514044041227646,-0.13547198617129924,-0.4458315368815033,-0.12008995121475109,-0.08959928687640484,-0.3443028365944725,-0.0971251487749185,-0.11103511263923534,-0.28305079083252904,-0.06503809236536398
D,0.0,0.0,0.0,0.10416006834871744,-0.15801561193993444,-0.04771272805220006,0.13217543872974574,-0.391061784053442,-0.062015511974753114,0.07669162379731394,-0.5657685223788033,-0.07927004212999864,-0.02602602038122313,-0.6226910532632141,-0.09572101594303484,0.05222334590131837,-0.5071918353359287,-0.010207617163060767,0.04510792956429591,-0.7323645876859529,-0.05019245355405882,0.04920063909605884,-0.8722622090446939,-0.07061141170675578,0.03567145947384578,-0.9956067079032285,-0.08657268713111095,-0.027374793864278175,-0.47127156169178563,-0.018781444816872057,-0.020299949796988577,-0.6283675355177751,-0.09721448264610495,0.028189729346654507,-0.4827674016669025,-0.11469240568167399,0.024207539259325193,-0.3955154268234737,-0.10445255193564648,-0.09684368112721174,-0.41476355143416177,-0.03464836631051531,-0.06872113596914714,-0.5355967867585856,-0.13011832982512858,-0.013787155272772593,-0.3772551424575719,-0.11209658023053932,-0.027175713443976034,-0.29803582262980377,-0.07220047409375292,-0.16986358722386186,-0.3435095570131428,-0.05313070296315064,-0.12889475627392669,-0.46188475264116985,-0.11502336415614817,-0.08518358889882148,-0.36533176673688283,-0.0912619744435629,-0.10538188989099545,-0.3005750068656662,-0.058851483883186145
D,0.0,0.0,0.0,0.10033119822395964,-0.15692559210876694,-0.050923743831814,0.13098574945479016,-0.38496526739947545,-0.06821109263025564,0.07385374680971084,-0.5549939365238088,-0.08786013555870881,-0.029906943631303293,-0.6229256280781826,-0.10631826546435191,0.04664628546402881,-0.5073002965137181,-0.013002017882073528,0.04040629900512666,-0.7334764520768878,-0.056212590078413054,0.04592918048919787,-0.8715767187712354,-0.07838171989790203,0.032014117738326985,-0.9948892983481005,-0.09576210261821257,-0.0346527414217898,-0.47140611293151286,-0.020137317784340945,-0.026125937994070935,-0.6280458162573692,-0.10336514762187357,0.024359278764666356,-0.4750717805191124,-0.12132678498551014,0.02188577986681901,-0.38638114644487276,-0.11051670245349762,-0.10584557416845207,-0.4129403536921416,-0.0350729857092256,-0.07470943342078212,-0.5281963541974831,-0.13657398204564553,-0.018126184725767696,-0.36236810179995604,-0.11765449994147109,-0.02972348794142323,-0.28483321611944634,-0.07586511129595043,-0.18109855556248794,-0.33891891577021827,-0.05262187755835145,-0.13203735677064143,-0.4427355521310479,-0.12199779690156776,-0.0875139366676868,-0.3353121270471166,-0.10061591526207819,-0.107332577122396,-0.27402194207865666,-0.06847684491483161
D,0.0,0.0,0.0,0.10360801893553902,-0.1631140272197061,-0.04502207946595255,0.13857807003751677,-0.38480428249531323,-0.06019412013946349,0.08155454549276535,-0.5543189109123923,-0.07981400250557764,-0.018098444741206265,-0.6263164649907185,-0.0984251985717559,0.05567114373095961,-0.5004051402230199,-0.004377698535630808,0.04596120273221937,-0.7290512862031664,-0.0458499439563412,0.05185963419616419,-0.8711852867254107,-0.06692333547109848,0.038213083280093194,-0.9957950296862422,-0.08325874799926078,-0.024618547010706503,-0.46533268068068634,-0.015016473209803488,-0.018874243933253966,-0.6362348329518807,-0.09566287824343278,0.03395495506512748,-0.48728404038365203,-0.11465835461453237,0.030534660507518508,-0.3995496244038058,-0.10482276987912181,-0.09463026144777409,-0.4090285938482185,-0.03308281170773724,-0.0661754500562581,-0.5418451945013741,-0.13219379237797696,-0.005081668895754812,-0.38164789227824697,-0.11401416684524765,-0.016357353904884207,-0.30205818901271053,-0.07296992763544291,-0.16988263572612725,-0.3363740048986025,-0.05342372961566748,-0.12901503726184804,-0.4582892639134544,-0.11969650913252809,-0.08173696513184513,-0.36309074613441117,-0.09723385318854513,-0.10021174247257462,-0.29994525976021896,-0.06487568238994161
D,0.0,0.0,0.0,0.10039469025601248,-0.16247018681878206,-0.042831491196451035,0.13128196511910786,-0.3848166094399497,-0.056874211928515925,0.08533604457028329,-0.5540220598630331,-0.07598890530506978,-0.009564971286484156,-0.624100173220438,-0.09430880542638576,0.05036690297983479,-0.5050173450278884,-0.002470355440054568,0.044035568751556245,-0.7317486364596768,-0.04433065144022249,0.05120793928557138,-0.8721709442190229,-0.06774913689808526,0.04107439868295565,-0.995512390354165,-0.08525241594330292,-0.027241707647114095,-0.471644396097987,-0.013314166704379505,-0.020544686311558563,-0.6428934223447754,-0.09481734135374492,0.03066560182737148,-0.5038846104956728,-0.11524403448486435,0.03317740688779269,-0.41003933082195726,-0.10625004559432946,-0.09791635635595222,-0.41476779283795007,-0.03154413372644436,-0.06591513778751049,-0.5431327022905997,-0.12676559144390712,-0.01090088163422425,-0.3912071054121996,-0.1093406962043264,-0.01925105532427442,-0.305822468938059,-0.06960944252095971,-0.1736068346088822,-0.342815074295329,-0.05243508093522666,-0.1268784522849527,-0.45658230053388726,-0.11429757503424084,-0.08463549905606178,-0.363956662966658,-0.09243851258913276,-0.10253082558238238,-0.2989148582185657,-0.061177994834616396
D,0.0,0.0,0.0,0.10126039330353977,-0.15943955845335026,-0.04499138949913588,0.1343808608232897,-0.3836443070767467,-0.05769570223279012,0.08742539598844706,-0.5508576833991443,-0.07394511018516402,-0.008390435680763355,-0.6185582551375821,-0.08908348386158814,0.05221382192926496,-0.5096622195561165,-0.005040358028225512,0.04666921230008079,-0.733988776982702,-0.04598296561948606,0.05306312152517426,-0.8714449313967302,-0.06870468081950953,0.04175326466515418,-0.9953750624177375,-0.0865167614204708,-0.02672567160637117,-0.47248714817989085,-0.014775351430277774,-0.020107282463723102,-0.6436222728973543,-0.09599114582096976,0.03407439633332128,-0.4931875512157702,-0.11577682829089213,0.037212977300420974,-0.39617454258006224,-0.10612764622582269,-0.09761359216759857,-0.41113556012675945,-0.03208547525295431,-0.06616926106977372,-0.5362957494715098,-0.12811150284562378,-0.008361618311492028,-0.3773325642994217,-0.11135273403687472,-0.01914847686458275,-0.2982240088640605,-0.0718638080167195,-0.1719451144660591,-0.33464000117740317,-0.05185936292141529,-0.12953717828361272,-0.4506643455562385,-0.11351750035833857,-0.08911601498569824,-0.35593197308093955,-0.09134859374066857,-0.11270148002978005,-0.2947874267424191,-0.06039962583154879
D,0.0,0.0,0.0,0.0931897937230453,-0.16133638816737053,-0.04889117215785977,0.12270871944076409,-0.3805739798200884,-0.06673523237965377,0.07407133685706685,-0.5426504353824962,-0.08778595481191603,-0.0186279299317628,-0.6231205235418324,-0.10739517827124066,0.03798560348063296,-0.510611180506987,-0.011439801140955838,0.03456725312547645,-0.7330989186758736,-0.058363777641655304,0.04088997717741858,-0.8699676950547557,-0.08336444664236742,0.030200295061097112,-0.9944238613927099,-0.10104022006624395,-0.03874528605373725,-0.47392305468833906,-0.020842748776700643,-0.029486774523594,-0.6416346706925528,-0.10725565978664414,0.021082481875885236,-0.49279123368078653,-0.1277256374485393,0.023696314965212996,-0.39954539659183563,-0.11730633691973565,-0.10754397455688225,-0.4135794665685725,-0.0381235893020466,-0.0730886606806751,-0.5341976947197876,-0.13940542517429855,-0.02000497442507958,-0.36991180319782324,-0.12039796735638505,-0.03084951321035067,-0.28918575908709465,-0.07757402395462187,-0.179556897577254,-0.3371356518019265,-0.05815263333884015,-0.1321328538654125,-0.44651512033348734,-0.12362439683629155,-0.09154329862575618,-0.3443313250191189,-0.09953658946371972,-0.11303489707275213,-0.2820668505329387,-0.06530548131294092
D,0.0,0.0,0.0,0.09525829444242688,-0.16877223615263273,-0.045278277238019,0.12572301395598617,-0.39708371973545076,-0.061663632749548655,0.06839739695434152,-0.5646798791177109,-0.08229407660331545,-0.036483034182117194,-0.6253858746639995,-0.1017228685517166,0.037146849374006405,-0.5091144903323462,-0.004909511504611834,0.02865910665389008,-0.7349241917214181,-0.04626003018099228,0.035225146594542164,-0.8747663830431901,-0.06699139100944058,0.022868677682480847,-0.9962951303880101,-0.08290378004767265,-0.04381491221611101,-0.46903488974474233,-0.01549323880093507,-0.03098134927142265,-0.6284951299393262,-0.09707221974150929,0.02211053943075817,-0.47441589444544585,-0.1144483745844529,0.01690041198444682,-0.3855085626369079,-0.10334098286426786,-0.11354823169135916,-0.40938628975617863,-0.03385712159916601,-0.0781639056787307,-0.527223407266292,-0.1308589952012951,-0.023312751240472315,-0.3678304666489362,-0.1125855126619766,-0.04237667064599727,-0.29169946723151424,-0.07245819989472477,-0.18856290214789495,-0.3357994216614077,-0.05463643985462149,-0.14171736188529802,-0.4460464202955342,-0.11665544348930615,-0.10265710186895559,-0.3521512939674352,-0.09357795387599499,-0.13353864934708506,-0.29379249148700254,-0.0620631036793153
D,0.0,0.0,0.0,0.08130858390771425,-0.1615149485188266,-0.048457972732223346,0.09720373393495806,-0.38483524128838464,-0.06244715355570506,0.01855685005816925,-0.5384355942480135,-0.07755696404782492,-0.08205065714494877,-0.5789488534595848,-0.09063402798082805,0.03171311913458636,-0.5185352279804712,-0.0008117040638529391,0.016374571385526053,-0.7350655885095396,-0.032900433001116565,0.00864113791193689,-0.8771840722022898,-0.04888923000034483,-0.009616553218664234,-0.9980603306771412,-0.06150689581525174,-0.05218041003647057,-0.48164426347592143,-0.00895228409138192,-0.07020456969654842,-0.6750830397756905,-0.07666376062586969,-0.03313864599013653,-0.5366037074816704,-0.09202289981820733,-0.026685421431498203,-0.4476337098421889,-0.07797253950250482,-0.12405151939979452,-0.4231778699906844,-0.02378994453881245,-0.13498933420675582,-0.5451881197849927,-0.10755679105502995,-0.07908998758748563,-0.4010846185927949,-0.09085919029331908,-0.07295301539941196,-0.32480676280465565,-0.05149982134696451,-0.19715259905474708,-0.34817657714766026,-0.041670866710234636,-0.20551384959396235,-0.4676713918567946,-0.09217655140414568,-0.15603377739862545,-0.3810216515406264,-0.06385786569940607,-0.14679399017974906,-0.3132310453271977,-0.027961706432074063
D,0.0,0.0,0.0,0.08497027872723154,-0.15729372326393154,-0.042076062448234954,0.09511370296270671,-0.3865351109856707,-0.05617751566463846,0.026867436310698694,-0.5500240496663895,-0.07321676813725059,-0.07393524611056819,-0.5908082985605988,-0.0892547297694637,0.032382266762691125,-0.515797702718206,-0.008086893701169514,0.016345737986873266,-0.7351743237996665,-0.043345762063714544,0.010042464814151835,-0.8761331484255225,-0.060165442782985995,-0.006759389133189391,-0.9972706410380834,-0.07352264400874212,-0.05040724050223571,-0.48016137711536033,-0.02015989588386466,-0.06982051419884713,-0.6657912684520737,-0.08721618279362302,-0.03153032272422715,-0.5328043532114145,-0.09884240356567207,-0.026978803425336612,-0.45523068303385794,-0.08475538083187696,-0.12344948734172577,-0.42190601642813474,-0.0381485401190527,-0.1354814522774519,-0.5459160323955166,-0.11962423497621388,-0.07829851565710996,-0.4023829103919364,-0.09597354328724239,-0.07400781219344811,-0.32649643761262814,-0.054434508809555235,-0.1979479958960096,-0.3473749418657376,-0.059145392914717584,-0.2031869984943058,-0.47414592222642105,-0.10748599885863636,-0.15398637895247522,-0.38594969022715636,-0.07475794607791275,-0.1477657917856262,-0.31658831357715883,-0.03721542386651465
D,0.0,0.0,0.0,0.0869809191936176,-0.16171700074175252,-0.045792584940267625,0.09592034377336596,-0.38895646402711076,-0.05849097559259681,0.020254910841538878,-0.5528657635030795,-0.07350251014229368,-0.08275528972502726,-0.5935331515222732,-0.08720173098669645,0.03760712110584576,-0.5136418957889279,0.002430888646651658,0.021455411656399817,-0.731764261533936,-0.027480633772687942,0.014443419699850772,-0.8762193384886406,-0.04216918452079019,-0.004386482464477987,-0.9984766536776192,-0.0550011893719833,-0.04748812537696644,-0.47794181068240393,-0.006357405846499333,-0.06942841601616218,-0.6727745186189881,-0.07362113197677603,-0.025418060010018815,-0.5338034268263638,-0.08794840087862725,-0.015710330375393683,-0.4451599894537957,-0.07366784604544352,-0.12114603752027395,-0.4199925855846042,-0.021722133978165192,-0.13562681880841232,-0.549748850041901,-0.10537540681935725,-0.07498432102736535,-0.40765340147037976,-0.08813046612168142,-0.06806730387157328,-0.32656425491669827,-0.048815055266240484,-0.1972681953272934,-0.3465268463714798,-0.04001553424716191,-0.20583388319108586,-0.46975764118490926,-0.09200072550245209,-0.15424806641046737,-0.3862384930623435,-0.06604863765441103,-0.14467064316914544,-0.3170395148981881,-0.032268106854280505
D,0.0,0.0,0.0,0.08475097341706528,-0.16120629936500605,-0.044531582309831744,0.09273023331524775,-0.3931395583501705,-0.05532515379473016,0.02517566531084411,-0.5610346450726342,-0.0687277349634163,-0.07748502892745733,-0.5974000669698283,-0.08083594046764091,0.035245989170139956,-0.5215256509263209,0.005537283411765324,0.02004365298881385,-0.7389641637553788,-0.023581505512406047,0.012922286457034488,-0.8787957306702446,-0.03885193887411872,-0.003375041319040573,-0.9986498954608325,-0.05183623628469607,-0.04697677042729932,-0.48714804363999054,-0.0029149082994443234,-0.06955782671658618,-0.6717196805889801,-0.06727811240197526,-0.032942653012707226,-0.5415784452835165,-0.08174707027675195,-0.023553024310602307,-0.4599784534352064,-0.06848454449416863,-0.11898323294612431,-0.42854657994122636,-0.01807279965137529,-0.13465764863567473,-0.5482501046033745,-0.09796868707482767,-0.07941881323993788,-0.40910904778859364,-0.08055837364203099,-0.0705210863817063,-0.33125028123171457,-0.04214662636227129,-0.1926495995694634,-0.353889216816598,-0.03641243842620359,-0.20156313137250254,-0.4717399304451427,-0.08545224128959802,-0.15361973340752136,-0.38602622660007413,-0.05829165412985837,-0.14214818211268493,-0.3166723967357985,-0.023907792223056286
D,0.0,0.0,0.0,0.0836627031347294,-0.15940893089286806,-0.04407833618513339,0.0925638895050623,-0.3916087084523847,-0.055734878975888615,0.017698395554859442,-0.5480742113097488,-0.0685476549134147,-0.08714353864719648,-0.5748564493715954,-0.07999804649185634,0.0312218622779656,-0.5182093329137655,-0.005619102150606645,0.015845143830372065,-0.7358206216613951,-0.03564063376103058,0.010752325908220322,-0.8762099842811386,-0.05068023642631882,-0.007610880378971544,-0.9979131200766216,-0.06412081782696752,-0.05278200699689569,-0.48145786212562786,-0.015945941344441092,-0.07007625484755217,-0.6738192561854295,-0.0787288443649041,-0.0255407523834885,-0.5337880532070991,-0.09133922242170257,-0.022387977853385477,-0.44962106552163306,-0.0781916889102058,-0.12528842853616545,-0.4206761403984073,-0.03195302898164822,-0.13610484010599772,-0.5463029508287319,-0.11092053632193043,-0.07351523066194764,-0.40284774935916945,-0.09161501278624813,-0.07250930179372422,-0.3290905773230464,-0.05334063745796043,-0.19899149979278538,-0.3419759716760058,-0.05070641073867381,-0.2040528749371425,-0.46740001219273586,-0.0976025037477893,-0.15123433671291597,-0.38320220578460695,-0.06708179741305345,-0.14840765499129976,-0.316362444863301,-0.03191392052663363
D,0.0,0.0,0.0,0.0699700727220984,-0.15086157883981927,-0.04803889919016268,0.07655450910999272,-0.3477474924910786,-0.06706929400372867,0.012854074752813834,-0.47923468853643575,-0.08769770483051212,-0.07940075073434531,-0.5218765833799509,-0.10753861880317142,0.004933817472593212,-0.4978939030701477,-0.02879737818437215,-0.017292803099040063,-0.726397937052549,-0.07313438987599616,-0.030515793694758986,-0.8691651669209915,-0.09944395859081159,-0.05255932834600838,-0.9916715996749119,-0.11757957051298437,-0.07119008656125932,-0.45175960491379763,-0.03938864841542225,-0.10283778113765892,-0.6308640290113037,-0.1156185617633272,-0.06818982511323657,-0.5405327490223992,-0.13940435991977843,-0.04977030424770414,-0.46648259919639196,-0.1340640236120281,-0.13993455581021338,-0.38068862837123935,-0.05542435871123531,-0.15304326379839878,-0.4766752459502865,-0.13815240894463046,-0.094950705957358,-0.3657875788388462,-0.12766446436813508,-0.07245989895772699,-0.2962987736027195,-0.09507001918393854,-0.20568562361648798,-0.29592548768233645,-0.07511583254897677,-0.2275230532183127,-0.39859771402437766,-0.12328799692225588,-0.17540540758670253,-0.3352676691408813,-0.09821965089645433,-0.14870885834824474,-0.27524282564662994,-0.06553154123189486
D,0.0,0.0,0.0,0.09002181007169324,-0.12171256074488063,-0.05218516890162455,0.14296799482752925,-0.3086232327719376,-0.08296883442221134,0.095054717174622,-0.4416243709098369,-0.11577091307232418,0.005678087745451984,-0.48187573453409016,-0.14737733130647684,0.06276646030689363,-0.5126124371656198,-0.045386823750057474,0.08502524329958251,-0.7280114889234142,-0.10560890499427858,0.09854547278429096,-0.86264824690195,-0.1401722762269705,0.10092584069132837,-0.9817072519381891,-0.16144610919039692,-0.030800742934789387,-0.4819147686236961,-0.056859863264603454,-0.015354221788537667,-0.616161338183085,-0.15246227115580416,0.015214197157203848,-0.5233084892765733,-0.18265605432747611,0.019678009596958458,-0.4674996013137514,-0.17925410381294254,-0.11324785577179189,-0.4236372794471234,-0.07396769025804717,-0.06797664723344939,-0.46381575910719053,-0.17708747041803458,-0.02318950206673058,-0.3184305477854308,-0.16849723882671108,-0.022607853471092027,-0.2486004928546242,-0.13219185063446487,-0.18910354415732836,-0.34699018505995394,-0.09430158564742892,-0.14166878988155646,-0.39800347082137066,-0.15432293421291557,-0.09794293485163673,-0.30465029433923274,-0.131742806127084,-0.0993208178844715,-0.2543196985408199,-0.0971939646735146
D,0.0,0.0,0.0,0.08997167007056081,-0.1260555398418837,-0.052608651508264985,0.1377986534158553,-0.3160510039854268,-0.08259966650443426,0.08902618589237203,-0.44856731835090885,-0.11457886070291726,0.002839566037852328,-0.49519749144948716,-0.1449434163417832,0.053967832645998894,-0.51948383790089,-0.04508233790620672,0.07712101702441701,-0.7298234939664465,-0.10559434294097345,0.08958243111877569,-0.8640931700512732,-0.14075835751504973,0.0926270290041655,-0.9823364197382554,-0.16258964282415958,-0.040328442447752334,-0.4887848996652653,-0.05528256066892703,-0.020070816125296733,-0.6037519782798331,-0.15066404478095513,0.011604690280339103,-0.5187693654583135,-0.1814641463528555,0.018144476329948922,-0.46925118837731905,-0.17982627774105758,-0.12349261622714643,-0.4291830552206897,-0.07160555463489106,-0.0743162609741227,-0.45817395617824763,-0.17363465536832481,-0.027882953157085884,-0.3180634500109951,-0.1659191517807354,-0.022702798263737823,-0.24876054181975182,-0.13138997925064475,-0.19860644445285505,-0.34995337981506386,-0.09151414958283255,-0.1475804640838086,-0.39221689007557226,-0.1515485604398799,-0.10416225243250099,-0.3027542012307131,-0.13147771879406445,-0.10337392360869804,-0.2540537015700698,-0.09933472114606445
D,0.0,0.0,0.0,0.0914886551541293,-0.1255349349667352,-0.05098401837411223,0.14384530971564796,-0.3148411627047571,-0.08216296620753216,0.09178029949284909,-0.4461955837414434,-0.11545975919763926,0.000987713753949145,-0.47893422076841086,-0.1475207272041256,0.0568244596529801,-0.522761173507596,-0.04460099943623232,0.08049189387304255,-0.7341806094887111,-0.10536701480891403,0.09497437274159935,-0.8651190972103379,-0.14001625599341413,0.09810415329765042,-0.9818903295042234,-0.16207083615456108,-0.03954097781681328,-0.489994712117201,-0.0571327327718476,-0.014353740039977754,-0.6116384814654189,-0.15585078666148053,0.01887704041511351,-0.4927849229144375,-0.18584201075168572,0.020606549652130567,-0.42330595300417856,-0.18150222842062688,-0.12174708775653315,-0.4297168090924177,-0.07529194041394059,-0.06879082839269736,-0.4574463446342598,-0.17883700988097484,-0.02399401245624728,-0.3145982110020354,-0.1707716910579962,-0.026155822280928272,-0.2541301407286796,-0.13562086329629547,-0.1957910434393422,-0.3513551157488389,-0.09664470343404909,-0.14136750923424812,-0.3921657847379391,-0.15684347453186961,-0.09776258877748717,-0.30064777078857563,-0.13583010864699746,-0.10131551447808908,-0.2572118935691821,-0.10294222255296855
D,0.0,0.0,0.0,0.07748176441372276,-0.14914491545930403,-0.03940220177331473,0.1233789366404102,-0.34494826347760094,-0.07590794991534391,0.09508829342170837,-0.4860319478615474,-0.11994303690328682,0.010995444154968443,-0.5231954163332926,-0.16324981373022077,-0.012851074833571681,-0.5302420504756828,-0.04168524678103227,-0.014558673985543863,-0.7361521845402919,-0.1031416605392032,-0.01206178177992605,-0.8702863593033687,-0.1321501277011264,-0.022248758083008725,-0.9884331812957217,-0.15001612872415637,-0.10172975574041575,-0.48403620568167316,-0.05865497578944708,-0.035410224963092624,-0.5398930182203516,-0.14088370119249372,0.005936006901932348,-0.37635606194064497,-0.1466300834082972,-0.023222660675145675,-0.3339759020281226,-0.13370671229060002,-0.1686828885465434,-0.4148765642313198,-0.08233038054586599,-0.09632710001996721,-0.4506387092686349,-0.17520903899754858,-0.049370624401372215,-0.30217064334503574,-0.1465042487948463,-0.07638760248914496,-0.26071785587566,-0.1060840932503967,-0.2295307239086675,-0.3286161290765644,-0.10914687647853355,-0.16312204074061373,-0.38629069164623586,-0.16569133089010568,-0.11496354495734017,-0.29576855337175006,-0.13483691814638057,-0.1377184551873725,-0.25338120290988764,-0.0979187359863622
D,0.0,0.0,0.0,0.08216508173945455,-0.14704381732939217,-0.03940914082689572,0.12938664940074196,-0.34776916478750225,-0.07245195118498224,0.09837152200196991,-0.48829020398953166,-0.11274262214168884,0.01384451910268023,-0.5228630009813321,-0.15215176691741733,-0.004201634800100315,-0.5284918075750927,-0.035102260351568326,-0.00833495757002433,-0.738090390462463,-0.09466831897130117,-0.0065513069062486575,-0.8722016673786244,-0.12238122712743588,-0.01706649133975414,-0.9900939409002839,-0.13936542995267878,-0.0920334219148079,-0.4809260100973767,-0.05096243910365413,-0.030250608471013525,-0.5350386650387629,-0.13262482543790519,0.009705752308895421,-0.3702776908254852,-0.13782706135434267,-0.018764608013255427,-0.3284305263352328,-0.12429057454405511,-0.1597826761244986,-0.41221363478177503,-0.07421552046747333,-0.09489703081196843,-0.44871759454542537,-0.16756424341158094,-0.04864659325323331,-0.2977183798028672,-0.13912669118514887,-0.07455784358974511,-0.25835316672930386,-0.09881947222802887,-0.22356988493034716,-0.3276376880141215,-0.10056129158826842,-0.1604255420575217,-0.3825099936696214,-0.15754976522071443,-0.11313550532690815,-0.28733442775223683,-0.12731191618062462,-0.13567449695995817,-0.24671677511239132,-0.09100682032704312
D,0.0,0.0,0.0,0.08152033322994928,-0.1490047031264318,-0.03871102020930117,0.12820841835462946,-0.3488477353978105,-0.07065658125873601,0.09398995002636494,-0.4837971248041449,-0.1096016402165518,0.01281285333360258,-0.514765504263481,-0.1482142631537827,-0.004223558185656207,-0.5212567828930478,-0.037805681456731445,-0.00705295723187332,-0.7331534503872843,-0.09908361856374347,-0.0044289102833491405,-0.8678609599607352,-0.13002045016680133,-0.01585691749781616,-0.9886191172895422,-0.1496021360045169,-0.09013725700479613,-0.47460072421041144,-0.054246858397402564,-0.031203791917008755,-0.5345599150066298,-0.13786848063758805,0.010223523255209909,-0.3718434451312976,-0.1461160914183981,-0.01622907613694573,-0.3248067943522568,-0.1346571830851739,-0.15691725213232136,-0.4076851211594664,-0.07752719084654118,-0.09477069156181123,-0.45340698042765487,-0.1716543721075038,-0.04662610180065998,-0.30250749158146734,-0.1436762223811267,-0.07045775858439261,-0.2580575839307349,-0.10334473926462394,-0.2202127289742775,-0.32397514163915114,-0.10364523291904276,-0.15886465641679207,-0.3908954012002479,-0.1605412355225492,-0.10902525217740262,-0.29484670455778333,-0.12855179979968437,-0.12821886963297008,-0.24932124653999607,-0.0908413821717336
D,0.0,0.0,0.0,0.08186689284616196,-0.1443963721260726,-0.03856556542857067,0.12980645489998038,-0.3420004281021118,-0.0721316422127105,0.10117117617144344,-0.48272497717205637,-0.11386117705672408,0.015020765414429857,-0.5143700943602447,-0.15517311451665686,0.0013926071960856034,-0.5160812893961713,-0.035775524926804206,-0.005203360186264922,-0.7357383533078774,-0.09643013492649638,-0.0034185653638470156,-0.871296858937236,-0.125308851151083,-0.01473675500237187,-0.9896520346971357,-0.14272938825560538,-0.08309229828009877,-0.47196328254838654,-0.05202431880126951,-0.022160254815561418,-0.5344728630096179,-0.13558333482857185,0.016262503385256633,-0.37167240944121455,-0.14173147542015324,-0.013924934885502937,-0.32787381739716387,-0.12837788213564974,-0.14966392538454426,-0.40792278517993813,-0.07537070472649794,-0.08803413113515106,-0.45674394242911104,-0.16947354269489887,-0.04117990750586505,-0.30570332890342455,-0.1392163681095862,-0.06465482817058152,-0.25917162119247195,-0.09698568022500535,-0.21544290759739348,-0.32785210959496836,-0.10171223112030796,-0.15599743510130235,-0.3963021851827324,-0.15870788122880403,-0.10508912435627395,-0.3032624416022689,-0.12582438561060483,-0.12046651794963013,-0.25712250803570197,-0.08708239996505983
D,0.0,0.0,0.0,0.0838864699823915,-0.14386727948557312,-0.040929354370759,0.1311162041906286,-0.35153805271113286,-0.0727736060719977,0.09603124683717529,-0.5005626044260922,-0.11159575592507216,0.0031243830777193267,-0.530859449806788,-0.14910983844439224,0.0016096557467774602,-0.519712753555264,-0.035988877588572415,-0.005067933984433649,-0.7381065716707567,-0.09557437841898574,-0.002883483283873469,-0.8715071704581995,-0.12018749592127416,-0.015632521039898022,-0.9907878335085908,-0.13451800346901657,-0.08402209693203884,-0.4709298922441318,-0.050931959457572014,-0.027071055558267082,-0.5422131391147459,-0.13306549944201537,0.012731117862446344,-0.37246462231099364,-0.13379423307343133,-0.01830608557042674,-0.33146902577364157,-0.11610971442391818,-0.15078561227686704,-0.40613270644625143,-0.0737167841441672,-0.0920222584006622,-0.46183222872187146,-0.16935395005638493,-0.04447534730054953,-0.3050354586743871,-0.13716752242806024,-0.07171551858917424,-0.262540233491936,-0.09296099965347772,-0.21682768211026224,-0.32615272101932213,-0.09950947994735602,-0.15650540198192847,-0.39757755072258044,-0.15822500390352923,-0.10739590750854845,-0.30282384078822727,-0.12615506864460982,-0.1294466761463566,-0.26003186634768805,-0.08800656703580402
D,0.0,0.0,0.0,0.08769234214076957,-0.1488532169039501,-0.04461270624214422,0.13655725137430177,-0.35623148856514675,-0.07403537109211544,0.09850003369145766,-0.5067433434240504,-0.10863337312820659,0.00187498879847757,-0.5369616407045107,-0.1418526310681077,0.012242150007103877,-0.5191239206423235,-0.03362725950599008,0.002058573350818482,-0.7384675915790805,-0.09032470243700877,0.001305518952978396,-0.8717954449921388,-0.11462428378080657,-0.015042319922927837,-0.9914182786638793,-0.12985963707975906,-0.07197727634063877,-0.46905961998437595,-0.046653768809976785,-0.02412625569947566,-0.5559874498944708,-0.1306093992948616,0.02084563448555985,-0.3886781010276495,-0.13632934645840744,-0.0026205256136886154,-0.34066812239793026,-0.1205243807391128,-0.13913583406146007,-0.40551644920875124,-0.06751018065752983,-0.08929457230330658,-0.46898703642795764,-0.16667914958947846,-0.03727590754339832,-0.311139368903444,-0.13851163588887108,-0.059348670741004785,-0.26769769562389906,-0.09494938317622616,-0.20740906782727703,-0.32646289826209546,-0.09125493848060572,-0.15257431661453022,-0.4010729875756165,-0.15260407036257156,-0.09990245169225451,-0.30311183494516747,-0.12202323117915113,-0.11827397196650098,-0.2615138876894427,-0.08430913929792529
D,0.0,0.0,0.0,0.0834910824350472,-0.13697187683393,-0.04669155122250465,0.12687787976643752,-0.3404004998271807,-0.07243853206982737,0.08080251491314917,-0.48764164735522963,-0.09945409143604707,-0.014173399631409494,-0.5267011030817234,-0.1249743922328448,0.025162987368970702,-0.522776008904972,-0.036850249321631404,0.001402030585509431,-0.7409480008734644,-0.08367992711988077,-0.011424418421996957,-0.8753321756952452,-0.10771378847821365,-0.029540920156243947,-0.991765986423444,-0.1246096393135592,-0.05633423214142796,-0.4745742301168415,-0.0508085803181997,-0.05655845986624144,-0.6626836529734359,-0.13126368682298376,-0.006989979825597378,-0.5376851986658742,-0.15092826289520644,0.0025227995454049695,-0.4548598285951696,-0.14298520962081696,-0.1265707944579612,-0.40243500630777296,-0.0692459538541894,-0.11701307448549485,-0.5209131127154947,-0.15634401464266942,-0.05860016789656144,-0.3885446110045018,-0.13607280646214162,-0.054965629758887656,-0.3151773628165325,-0.09772449218625304,-0.1972561818882933,-0.31311421426424496,-0.09072127706307408,-0.18912964316174544,-0.4328650216064945,-0.14018724790863368,-0.13185583031379808,-0.35631918963225023,-0.10808998118338897,-0.12423171800596795,-0.29420473007220255,-0.07162425431527479
D,0.0,0.0,0.0,0.08380951683493626,-0.13845140847808216,-0.045360723125839914,0.12477907432880114,-0.34438885538821973,-0.06954711034075527,0.07992679814543802,-0.4931664691595725,-0.09614581301680654,-0.014773749861876455,-0.5284316106712589,-0.12157223432859306,0.023232020025680554,-0.5190607074270048,-0.03211924452862161,0.0008526970877031367,-0.7381234019817016,-0.07982837676030483,-0.010390444921223376,-0.8732467883616521,-0.10510423644407706,-0.025403099020388235,-0.9921613199885984,-0.12235439378560296,-0.05636733446060932,-0.472056718607361,-0.04642884470936465,-0.05604482423694121,-0.6604701303422161,-0.13189002916403733,-0.00791664192812389,-0.539141994131698,-0.15433554673498487,0.005286176116855274,-0.45207032181062423,-0.1460541586023146,-0.12569228472616895,-0.40215518619091156,-0.06538891963555678,-0.11122230852980769,-0.5155775970113893,-0.15691139049331898,-0.0577024060748761,-0.3755633391532601,-0.13799564104162265,-0.05393877212052886,-0.2922960803542781,-0.09760406306800562,-0.1952555094287429,-0.3169407948780017,-0.08717392104825875,-0.18413454867298146,-0.43634830266945807,-0.13759361853335614,-0.1309576249506245,-0.35617472778330606,-0.10538283777988897,-0.1238714796505436,-0.2896692883779414,-0.06751936995216892
D,0.0,0.0,0.0,0.08034825895783027,-0.1387538184734998,-0.046096774858363686,0.12387082687770241,-0.34371571405197576,-0.07212029351953744,0.07998097061052532,-0.490504253541662,-0.10027332028501966,-0.01879526274809404,-0.5207063260959335,-0.1271953162303952,0.023219713410403176,-0.5256990144126397,-0.03241995761827797,-0.0004960804919338692,-0.7428405775446631,-0.0792386093954777,-0.013993979695189054,-0.8767554087502791,-0.10382656891321866,-0.033191508136055266,-0.9920704727758696,-0.12122087622978424,-0.059073170587848195,-0.47716461764968127,-0.04706213255032448,-0.057047735818244204,-0.6564047921611844,-0.1271505719724943,-0.01340675883380687,-0.5227496952765567,-0.14522664910678,-0.007941955012990757,-0.4409136143613112,-0.1357604658064031,-0.1295760147339334,-0.40482402077211377,-0.06676537074108771,-0.1151487774251759,-0.5146356852853381,-0.1529350765879838,-0.06628002450824604,-0.3769305578982753,-0.1309804733116086,-0.0694896023633002,-0.30588795090827087,-0.09170750210158342,-0.20124123944917363,-0.31505788867809204,-0.0897165858292115,-0.18835604684927523,-0.4229095632899929,-0.13727421924407848,-0.13767901236750862,-0.34271914812505067,-0.10355122719726091,-0.13553632220890208,-0.28455743367148395,-0.06621265526698802
D,0.0,0.0,0.0,0.08317568627215811,-0.1480636720381913,-0.045597603874506815,0.12207684279658965,-0.3515129363292223,-0.07017766446795125,0.07463598561081519,-0.4997334185637355,-0.09750752869546254,-0.02255017739885021,-0.5442821037550986,-0.12387582183081083,0.028288811320405168,-0.5291648241258813,-0.02991916232159618,0.007048271956767022,-0.7432840041649029,-0.0758661406434772,-0.008702021256129977,-0.8756367429792338,-0.10038816821308622,-0.03062186155055494,-0.9925035827470231,-0.11831711553913865,-0.052559387600053686,-0.48404683605309246,-0.044269653604395456,-0.0538050000530995,-0.6519205480133747,-0.11900133646855504,-0.009550622619759674,-0.5363637136406951,-0.13650816103218597,-0.0008688061580018321,-0.47452465758540996,-0.1297900144234655,-0.12423576443524138,-0.41211776808828965,-0.06411699367609677,-0.11483150849471258,-0.5255383521760025,-0.14923340292768392,-0.06206702911178537,-0.3937057949767797,-0.12761979646796026,-0.05988291708015019,-0.3236656916058227,-0.0897712113303444,-0.19799974260894643,-0.3202549123958647,-0.08720571412494064,-0.18884361203930453,-0.43470294963738976,-0.1368964473240323,-0.13419940453995874,-0.35820791302439653,-0.10397242657472318,-0.12695050159907567,-0.2969850769574688,-0.06696342936324763
D,0.0,0.0,0.0,0.08012954132055265,-0.14823953848231977,-0.04175397363059863,0.1245439557804769,-0.35470627360268536,-0.06408836016326373,0.07253064858448888,-0.4937662576100024,-0.08895788696722175,-0.02573665124876991,-0.5170726250164469,-0.11275233655379947,0.022689759589652497,-0.5312934843003135,-0.026550558183916873,-0.0007364512413065384,-0.7458565595672223,-0.07195743257058482,-0.014648533758021927,-0.8772015902840028,-0.097286932728672,-0.03375733399447975,-0.9927103711294006,-0.11570030878832034,-0.059959015559066464,-0.48145522229856164,-0.04306507960913783,-0.05486380485210881,-0.6560167060888762,-0.11989872973105947,-0.009528103917453144,-0.5220937545184219,-0.13905526243186253,-0.0035685074059741803,-0.4377204109495955,-0.13169433586435747,-0.13041980375242226,-0.40729814975560197,-0.06455089483565027,-0.11842684476365178,-0.5150633956257039,-0.14745718754895928,-0.06749438760234722,-0.38328732788362,-0.12824900816411514,-0.06835189068498716,-0.3132323575819566,-0.09206627653444713,-0.2018777985206513,-0.3134610110600308,-0.08898483991626864,-0.19358259499761202,-0.42391272513805783,-0.13375408233211525,-0.14182184691676705,-0.35082809625191125,-0.10075392655437869,-0.13719198176479636,-0.292643667061281,-0.0648000913996452
D,0.0,0.0,0.0,0.08153349100361339,-0.14007637030386696,-0.04229514740035698,0.12779317063256457,-0.3508826122733024,-0.0661741505197285,0.0824855031687438,-0.4999756402873368,-0.09252944375840694,-0.01961811594445439,-0.5212550614763583,-0.11757144962981428,0.028163483616467738,-0.5304492520583587,-0.029102386513686206,0.005267297602317797,-0.7451794525798432,-0.07450974591630931,-0.007813489979896627,-0.8769402837760001,-0.0981313774620041,-0.02733031577049825,-0.9928754847416674,-0.11597985014166863,-0.05534078994607096,-0.4813836308057613,-0.045821258480863034,-0.04892717914888345,-0.6507201222531683,-0.12294358751941657,-0.0011588369128059895,-0.5028470825278045,-0.13776870892808102,0.0028772586952414236,-0.4255171591093277,-0.1276378726256565,-0.12636661959868575,-0.4093351531228358,-0.06758578051309538,-0.11522281625711675,-0.5156182355941803,-0.1512780015455417,-0.062258860293770944,-0.3764766900935898,-0.12655753165204942,-0.06580553529292811,-0.31292285640501105,-0.08732051375573878,-0.19956560251595756,-0.3195474315888573,-0.09252193738771919,-0.18862076384804555,-0.4287742689816404,-0.13804948387214805,-0.13615681339326835,-0.3477092383895344,-0.10229415126298429,-0.13548121383112466,-0.2911583114475628,-0.06493052305844707
D,0.0,0.0,0.0,0.08469806200829624,-0.14094745897155467,-0.04184604580651063,0.12618022381773114,-0.34483969390380936,-0.0633075932418057,0.07920675261141108,-0.4912134483955269,-0.08758741411658136,-0.01768886844749747,-0.5250342132250431,-0.11111047057797083,0.03070209432626061,-0.5219469468399458,-0.027363763310317254,0.008322563949170513,-0.7390920347264756,-0.07173259474613083,-0.006160931321025733,-0.8743552957961362,-0.09609616431226585,-0.026522248211593505,-0.9930927436103582,-0.11429511336122025,-0.050138092551362395,-0.4768387647186817,-0.04288114759741116,-0.05295038909920772,-0.6495717075777094,-0.11777554827745704,-0.006829607970706688,-0.5253728315425757,-0.13602471503207839,0.0025051873789664887,-0.4489588398068446,-0.12931829470379605,-0.12051367103908321,-0.4064548888218154,-0.06320862169300298,-0.1139594005123628,-0.5192473480137855,-0.145109445900748,-0.061138566529369866,-0.3880543862519723,-0.12350372769934699,-0.05885593877039457,-0.31678699382685405,-0.0865605047043308,-0.19279786369125895,-0.317424633965111,-0.0866797799607973,-0.18572815600781045,-0.4302554292879432,-0.13249117407154806,-0.13426289811515088,-0.3542720625838137,-0.0994977147619667,-0.1297286265933765,-0.29394601196772935,-0.06369938981209754
D,0.0,0.0,0.0,0.07798142764851171,-0.144218748387501,-0.03996475493405758,0.12155128995540744,-0.3473437431406539,-0.0642666331811311,0.08000466177536471,-0.48825168715432904,-0.0909714815908426,-0.018941918792269797,-0.5136572328831707,-0.11659761292266732,0.02017989194108015,-0.5257963207299233,-0.03370114387744909,-0.003483205788524936,-0.7429932112244624,-0.08246727606830269,-0.014991317134053642,-0.8736766527100159,-0.10954667104106812,-0.03545769966132491,-0.9909619055756561,-0.12937253662424464,-0.06257030461861607,-0.4755475409943255,-0.051731461799252296,-0.055245674170705555,-0.6481566930598285,-0.13136801433460735,-0.004934462305152346,-0.4975472080397645,-0.14829382957324239,-0.0027348125149737,-0.41376846590763106,-0.1396530273568947,-0.13351232474794736,-0.40216992832988274,-0.07425222849452814,-0.11746108751929617,-0.5118656103382586,-0.15826212004181994,-0.06203334604575124,-0.3717260780222067,-0.13376124598289632,-0.06706689690910685,-0.30814650678837313,-0.09482903587094317,-0.20557373923442251,-0.31056287318532577,-0.0996103361043205,-0.19079697312564695,-0.4212372923917329,-0.1444915438379659,-0.1351604907235203,-0.34019774675662584,-0.10758985028088401,-0.13450225958688428,-0.28352236624613025,-0.06939760880227239
D,0.0,0.0,0.0,0.10420583011979441,-0.13110569149822796,-0.041457521276880606,0.16786462903330862,-0.3294100905656465,-0.0655214594384937,0.13295270655319238,-0.4860303038691596,-0.09339700324752774,0.037787311529505464,-0.5295261212578578,-0.12132315632117686,0.09389885610015929,-0.5109188207753356,-0.025309412246352615,0.11307492173811454,-0.7284158186233028,-0.07379260239968162,0.13034760933499112,-0.86448339429133,-0.10334865560886752,0.1317405892240351,-0.98341618380184,-0.12464760963423897,0.008207828540119567,-0.4856202318324082,-0.03946590384976304,0.030217825119899996,-0.6369870390768312,-0.1220556794358494,0.07045918106482049,-0.49765034758863663,-0.14330215325859444,0.0726104936192618,-0.4081043422805418,-0.1362306808004636,-0.07035753981319444,-0.43345779119662037,-0.058570948211118065,-0.04142115849537229,-0.5301813096586661,-0.14443055589698703,0.007300822842460813,-0.38791850243357945,-0.1236927501957307,0.007580633755748068,-0.30845671209888814,-0.08532932283801979,-0.15146813536834833,-0.3619401758781141,-0.0809625456914696,-0.11863813634421273,-0.4484711371823366,-0.13102065075610392,-0.07446940752685034,-0.3623711648452679,-0.10245703230950245,-0.07552871853809787,-0.3041267822545102,-0.06791326972340757
D,0.0,0.0,0.0,0.10215497023955807,-0.13375234174835765,-0.03972655844503557,0.17237448746070463,-0.3342383745221477,-0.06208261424518996,0.1352840001223814,-0.4892077652348227,-0.0871253927403215,0.03693093702326944,-0.5282521738899078,-0.11153272389748728,0.09442124786127942,-0.5174704180691564,-0.023514021728587162,0.11853583900914262,-0.730393487259428,-0.07166972629738518,0.13684813552075176,-0.8622912491772605,-0.10159233561781401,0.13734059074191632,-0.9827140217888105,-0.12413989493439548,0.006370919880364366,-0.4920548971604643,-0.03981181063394541,0.03543576137868248,-0.641025343930073,-0.12422882929067669,0.07122685961198075,-0.4883723600317058,-0.14848577703482196,0.06298348829376582,-0.40139999810367655,-0.14267126499804283,-0.07045104697535948,-0.43897117005282243,-0.060709974659967664,-0.03662212797393199,-0.5265475923084522,-0.14693436745339197,0.011143316924814906,-0.384960954170936,-0.12874734166519947,0.004699862969202051,-0.3251525726103501,-0.09261409459096695,-0.14643683830006451,-0.3631821204742778,-0.08457615431764653,-0.10271324227666602,-0.4382810795051312,-0.1339642025025225,-0.059747987853072365,-0.34798225681774514,-0.1054315035188779,-0.06894588788116313,-0.3014814438290868,-0.07147762192519456
D,0.0,0.0,0.0,0.1063315683991073,-0.13085086517526673,-0.04644483609027479,0.17188531847479707,-0.33258375911933236,-0.07064099627080904,0.1307851079476306,-0.48969551597582495,-0.09697725175272659,0.03223639952146857,-0.5356877131995824,-0.12255491706282462,0.09385850677796065,-0.517361819519398,-0.025920189028859075,0.11432536552266802,-0.7304858837673824,-0.0756967178373577,0.13152153874864997,-0.8642502517320412,-0.10496327585795853,0.13287391856659272,-0.9830788276635983,-0.12609734479489862,0.003615393807353744,-0.49107071336370056,-0.03776644918309709,0.026339562148988867,-0.6361729061597153,-0.1276260906375833,0.06374946953893966,-0.48120474716427636,-0.15168359020083333,0.06353640107684698,-0.3845379867725205,-0.14357258661743214,-0.07497840942806117,-0.438547300174825,-0.055198191095094155,-0.04400631641201987,-0.5224297020984933,-0.1474584845969087,0.0033321801234070737,-0.37701207520384644,-0.12968029878785609,0.0023712720753286073,-0.3058468327511009,-0.09120579347931812,-0.152737051992555,-0.36656150280334066,-0.07597957107892218,-0.11151391494165691,-0.43726036415635994,-0.13046934634096988,-0.06859857926345905,-0.3458446537594789,-0.10505733564829983,-0.0727173386932324,-0.29635271771882404,-0.07153254266742956
D,0.0,0.0,0.0,0.1011096611807301,-0.13123782826059677,-0.04692570325463706,0.16373546636813469,-0.32574766961711316,-0.07351864023987127,0.12857532558816667,-0.4767215069845222,-0.10209010034870937,0.03275624736029195,-0.5330917674388049,-0.1294622301016805,0.08834601475043642,-0.5197063744335088,-0.02693547044020597,0.10934077381836207,-0.7283782561343454,-0.07783645963405247,0.1263989603969619,-0.8649623357949409,-0.10641201764670066,0.12698817592017964,-0.9838281511401411,-0.1263177430159249,-0.0006055440937841227,-0.49252668066734284,-0.03999563961408131,0.026451843004818915,-0.6477670033031274,-0.12612995657382728,0.06508215177584986,-0.4924139567902282,-0.14590453325995997,0.06117281458569269,-0.4042007141232389,-0.13513349255732526,-0.07973814714097167,-0.4385681311723124,-0.05927796348561052,-0.040550271273071724,-0.526921206926237,-0.15223716586821717,0.005810008021953503,-0.37482164385985767,-0.1321707790278844,-0.0036900678139800604,-0.3131242345417988,-0.09196276940938243,-0.15877050915649688,-0.36441826393483107,-0.08172449560498139,-0.11049171738693292,-0.44224111387963805,-0.1368586470167015,-0.06869297243461008,-0.34495939921492924,-0.10871909020827897,-0.08260945377369464,-0.29901773655527375,-0.0734274855218494
D,0.0,0.0,0.0,0.09371472618554708,-0.12687567797603713,-0.05445057824657397,0.1523041175073386,-0.3069683273428551,-0.09104002577144821,0.10138039342927126,-0.43329177283469944,-0.1283497779753388,0.008390968753104472,-0.46321186648928886,-0.1648481326208469,0.0631762168631367,-0.527486724200652,-0.05555902661532425,0.0774349204935245,-0.7304011884115789,-0.11749174005061959,0.08115256228428189,-0.8631752440789192,-0.1536705540126733,0.07512995875730881,-0.9811897217821742,-0.17782637365178605,-0.04134635557524565,-0.49850881434819205,-0.0661625446980547,-0.007281341496395821,-0.6062261814266698,-0.16581253742687962,0.025663985481833886,-0.4465195410137124,-0.19121789557289082,0.024562035474426095,-0.35180902264729697,-0.18319114942508766,-0.12773480188271344,-0.43694640823464287,-0.0819174432878249,-0.08517325687287232,-0.46427370948741803,-0.18169875172586591,-0.03279039214535633,-0.3183634831672061,-0.1682004101463854,-0.023843617016143116,-0.2510506849609462,-0.13120946233803132,-0.20461338653466016,-0.3511396459280824,-0.1012405172210264,-0.1640476616103079,-0.3810255890599198,-0.15991123112970096,-0.11076503650136796,-0.2899428357208948,-0.13718710266462705,-0.0988910453434677,-0.24390118036633754,-0.10352137173260553
D,0.0,0.0,0.0,0.09310951115352714,-0.12254056250424449,-0.05438377622057912,0.14617319624791622,-0.29949299313875477,-0.0918576312002696,0.09892202057461935,-0.42797249443800256,-0.13021064501768345,0.006463511534794557,-0.46630143473975344,-0.16786106943499662,0.053898740854465416,-0.5277952002540796,-0.056260497386408634,0.06909395055679553,-0.7320428792681026,-0.11775640065538917,0.07457361529963198,-0.8650918332085287,-0.15274268658272108,0.06764692634633843,-0.9821047658751771,-0.17576723870265637,-0.049442816630676734,-0.49604839412837004,-0.06688679612233753,-0.010499724639749124,-0.6122824398148744,-0.16727498559609819,0.02584915039157518,-0.4440458954063169,-0.19102194166217618,0.02260188039697636,-0.341303074621277,-0.18097991980424832,-0.13452118463516366,-0.4324783023603412,-0.08258592049433656,-0.08578500962811039,-0.4666924329604832,-0.18357651847890177,-0.034310457742169516,-0.3157908045917925,-0.168327472092626,-0.030241628372778443,-0.2440192770486391,-0.12951333177800634,-0.21034900446431926,-0.34471276435054443,-0.10164427200797842,-0.16395342684340608,-0.37988077182826374,-0.1619765958320772,-0.10818292259454362,-0.2853987973770989,-0.1384710199704548,-0.09793036704999694,-0.23520971003071456,-0.10369116588715538
D,0.0,0.0,0.0,0.09553070371604613,-0.12952621361759714,-0.05296069184134461,0.15088297986538973,-0.3153440434954307,-0.08900839877329883,0.09643597999054845,-0.4481047310407995,-0.12659323632237426,-0.0009273448688953977,-0.47989490576031435,-0.16343156887327523,0.0573996187517009,-0.5317936125672813,-0.04942455994415618,0.07261144122199133,-0.7328271749666642,-0.11021408958717764,0.07735121861235786,-0.8647505150941459,-0.14541290947962712,0.07286844425219045,-0.9828815139024035,-0.1692161914864678,-0.04677137043758944,-0.49934018711898026,-0.06142308240832236,-0.0071548636272196755,-0.6156781292008151,-0.16192543700998993,0.026361963219373036,-0.44903002147598264,-0.18666269109124944,0.020260096277773237,-0.35263201537308353,-0.17712125477894125,-0.13066496634269037,-0.43601485254849265,-0.07871654741155734,-0.08081857254222331,-0.47335517934978066,-0.17895279900144143,-0.032264218730606725,-0.3223478068367159,-0.1630671222735273,-0.03348760087023433,-0.2550071809836846,-0.12390984766990451,-0.2056829447064096,-0.3488788963410472,-0.09959729805461484,-0.1539715889995904,-0.3852715327524828,-0.15751967077800494,-0.10442792594743423,-0.29188784480986657,-0.13290506141896363,-0.10364869912198779,-0.2461573432717891,-0.09802550715260602
D,0.0,0.0,0.0,0.09120783249797357,-0.12947871259123733,-0.04986809913104269,0.14198206772907562,-0.3072931964655274,-0.08697210682858193,0.10491079993890128,-0.4383175105739241,-0.12709887889175298,0.018794908181303326,-0.4744142231054234,-0.16647580119365854,0.05236476780354321,-0.5433921648977352,-0.04693902204219347,0.06752702360178199,-0.7380771551683167,-0.10695072399609029,0.07245524387991627,-0.8704608513233235,-0.14049376560396304,0.06532560277697776,-0.9844708930507938,-0.16294056081159422,-0.051975387644879245,-0.5093626826772031,-0.06195147696554813,-0.012271267153327653,-0.6187612981988762,-0.15924801151504303,0.026498073112093408,-0.44938394244009083,-0.18053326193810593,0.02140030673563804,-0.3595925430455083,-0.16934737105163714,-0.13729979643164175,-0.4423923756083759,-0.08261449756025935,-0.08437416049242022,-0.4729558052454576,-0.18336112278515285,-0.03187151930165618,-0.31953466582511375,-0.1669726208131267,-0.03418550212933473,-0.25767926723430995,-0.12773399040678102,-0.21221928437329365,-0.3507520398524813,-0.1065247410980919,-0.16108004290919462,-0.3855673802917719,-0.1660094657216077,-0.10603019256355915,-0.2889022660137545,-0.14077612481016188,-0.10196423338656262,-0.24376630904917415,-0.10536610076139671
D,0.0,0.0,0.0,0.09396106631945475,-0.12688470370252436,-0.05247670590421091,0.1498773792764828,-0.3091455436419754,-0.08736385725208837,0.0989529543780252,-0.4439335408465968,-0.12400574727086443,0.0034748472005827914,-0.47530965215084137,-0.15988967675916532,0.0511973879613504,-0.5291149972719881,-0.04810792640005937,0.06623315348252849,-0.7345018187730067,-0.10672911745747374,0.07156545984044996,-0.866431759670567,-0.1405934846322397,0.06475782924252885,-0.9844510803686455,-0.1632865392884612,-0.050257627546193846,-0.4987646869075004,-0.060126160638340115,-0.015755444035026014,-0.6235786686139332,-0.15770615610329763,0.021333570912726283,-0.4806900262144253,-0.18546405275940278,0.020505857054858082,-0.38993311705351247,-0.17888785245366126,-0.13460281285874504,-0.4376002362176261,-0.07702854007547183,-0.0799935537451207,-0.4686399404357877,-0.1761766399789891,-0.02935679969153887,-0.3237962326894179,-0.16570187464444663,-0.0270891271239846,-0.25660974752017585,-0.1300412193146802,-0.20849176798473004,-0.3527279106280948,-0.09733544930892749,-0.15453546753759456,-0.38001418888420546,-0.1545522059641612,-0.10304031384464372,-0.2885836633084731,-0.13331792929320851,-0.09783168656248804,-0.2411023970257805,-0.10076508679330129
D,0.0,0.0,0.0,0.09166703860413862,-0.13031343734657688,-0.05350483328224925,0.1456656400966397,-0.30617318407233424,-0.09184520199519516,0.09809454913539754,-0.43670400553524796,-0.13185618148724906,0.005574387967881845,-0.47644406390042304,-0.17083345213266452,0.05138819057063332,-0.5383354169293262,-0.05221653380672878,0.06547745699349442,-0.7351631894670261,-0.11354227027924935,0.0697809685759044,-0.8662782390829924,-0.14925879586040727,0.06468692077177601,-0.9827826473574186,-0.17307186465225885,-0.05277756732154844,-0.5079075122819016,-0.06415990356751804,-0.01011877022554534,-0.6151156469551176,-0.16236487956373125,0.025111335042196422,-0.4551559002768832,-0.1869194430409269,0.021799997127658868,-0.35960870865944355,-0.17829637295161976,-0.13705895054771342,-0.4426921439345001,-0.08145587762025411,-0.08157609194412811,-0.465226963429629,-0.17904649160781608,-0.03340015536760259,-0.31942520804835856,-0.1649506696326437,-0.032129612598024444,-0.2526545224045142,-0.1280661131056452,-0.2107359522534591,-0.35194328299301064,-0.10256714141615801,-0.15827325161238745,-0.375884360203276,-0.15866279403369415,-0.1082875155357024,-0.28543508633433173,-0.13567865231252885,-0.1035959419457372,-0.2403694507347984,-0.10231517801243889
D,0.0,0.0,0.0,0.0859262477666593,-0.1386506017366753,-0.06486063537348057,0.10866648995220876,-0.3379622603919095,-0.08858157491740941,0.036666258497158356,-0.48924908667970446,-0.1084182927509499,-0.0420189569881109,-0.5843010713911219,-0.1237590665144788,0.07011044601378512,-0.5198919840034725,-0.03443973134015123,0.06407197447496002,-0.7360330925941478,-0.0831292156483196,0.058672361268618516,-0.8736694522910994,-0.10819892851563263,0.04146205094326876,-0.9912542910720782,-0.12528299470706128,-0.01585585411889541,-0.4788189754820507,-0.03540215728093824,-0.03248352458927406,-0.6121302735058662,-0.11404942776829138,0.005146168168635494,-0.44789366608814957,-0.12613829747717442,0.016721235964642416,-0.3613413609099426,-0.11139314594590606,-0.09029175771058776,-0.4187474207678306,-0.045511560869859795,-0.10361474507150799,-0.5152572588151179,-0.13768949551468354,-0.04626463975461835,-0.3519515554827843,-0.11389605590952598,-0.033689120601751645,-0.28662014194646146,-0.07115175189245318,-0.1614173035577676,-0.33861655901047055,-0.06037885314705597,-0.16317393302764766,-0.43149740195654596,-0.11923912896572837,-0.11361925864010583,-0.3257554605493009,-0.09024947223044093,-0.10857919295015589,-0.26785742302904997,-0.05303933130581018
D,0.0,0.0,0.0,0.08859219374493034,-0.13106658441159277,-0.05730160784539609,0.11453444685994517,-0.33149063137046886,-0.08090891591379629,0.050733346129320615,-0.48731393886266067,-0.10307784724253494,-0.036204969064822005,-0.5739604752578883,-0.12287011759931853,0.07624946525002123,-0.5176288851876627,-0.037186940696287786,0.07583270487399067,-0.7353513131332045,-0.0836831994577861,0.07413727659676826,-0.871374281311739,-0.10840154721105001,0.05882583676799084,-0.9902221216121038,-0.1264898051171298,-0.00997758510712172,-0.47934543260767154,-0.04178023802380737,-0.023935899924936326,-0.6034260786950029,-0.12096746421647572,0.014717112541855565,-0.44276000100783236,-0.13425423573576223,0.028015019387826565,-0.35257768261235567,-0.12192822685077044,-0.08526116879655148,-0.4172886226325566,-0.053402203414253835,-0.09564115469424793,-0.5145579282869839,-0.1433473601262139,-0.03824403019954991,-0.35439257466302315,-0.1182489736451424,-0.024781453477772927,-0.27819396627815796,-0.07639925818558974,-0.15809963418475234,-0.33550732652436366,-0.06914255275907133,-0.15395177485444855,-0.4322578256746367,-0.1285664438244452,-0.10619318969916515,-0.32950954041406266,-0.10002801422277552,-0.10096470508374783,-0.2680896046457387,-0.06355102740893086
D,0.0,0.0,0.0,0.09108368972832806,-0.13652902063430788,-0.059872794824750816,0.12065746320787757,-0.34187792668598627,-0.08017032069369454,0.05412796498786637,-0.49845195138206455,-0.09713574414039455,-0.034332494455649,-0.5723576054154818,-0.11062124009259619,0.07624503910514643,-0.5139945513051649,-0.03411380880874256,0.07393219454870094,-0.7330978324375175,-0.0818557092715662,0.0711339154062604,-0.8711903726086736,-0.10752565613952599,0.05647986295762011,-0.990525617639503,-0.12517597964533628,-0.009978048314218977,-0.4810901078009087,-0.036202145631684175,-0.02032647840996503,-0.6145787576446797,-0.11568594258624502,0.014681844253726442,-0.46089468553341145,-0.13118409702484893,0.024760193324215998,-0.3718244528119517,-0.11866387236920532,-0.08498095178967441,-0.4251550827662213,-0.04602906365749266,-0.0877687596121891,-0.5130338241663105,-0.1363697794851879,-0.03533655573608318,-0.3595332306544971,-0.11784646730575071,-0.025356926845271625,-0.29243288085513375,-0.0788838383655441,-0.15633463319966096,-0.34911920663015916,-0.06003456107648219,-0.14624877639035666,-0.4322371196186921,-0.11707768143685733,-0.10148658385915997,-0.3338995711908086,-0.09191259707550968,-0.10014974534863043,-0.2778998742305416,-0.05760914571474927
D,0.0,0.0,0.0,0.0744059086006753,-0.14664841290849476,-0.05164394774166301,0.09822382340245203,-0.3556168177282254,-0.07694935697541744,0.02650073132498995,-0.49751874189626016,-0.10225923757004389,-0.07498454415384091,-0.5459549865522315,-0.12576120778930322,0.032430691569791524,-0.5120966812521538,-0.034267197062504,0.02790081805483496,-0.7338674154526705,-0.0864966244763557,0.030858667689169634,-0.869241887116756,-0.11439570728783238,0.0192258331085424,-0.9909002372184533,-0.133218194034057,-0.052693833021984784,-0.46924074234312413,-0.044255423658075575,-0.06175746510187413,-0.6364439597239782,-0.1347940437413323,-0.010149550926901212,-0.4907717840686544,-0.15744904937644646,0.002288910358551057,-0.38828800336727665,-0.146782514375423,-0.12492965693899147,-0.398017968896746,-0.05985598397356357,-0.10782316597113559,-0.48553293631169586,-0.16051872448890764,-0.04291899990315586,-0.32976654800230293,-0.1439014773907706,-0.039374839373019624,-0.25125755284015633,-0.10208339167996167,-0.1925022837967357,-0.3078472855511001,-0.07783373885491286,-0.16237192084213264,-0.3955818530470228,-0.13877270210158346,-0.11073093636370361,-0.2986361163294308,-0.11109522704172292,-0.11995764578527772,-0.23890461003283917,-0.07372874530244718
D,0.0,0.0,0.0,0.07839869747368822,-0.13605443959614724,-0.05223004595091319,0.10801272489485796,-0.35042527672667617,-0.07999925913956824,0.037534436881611934,-0.4953017735824944,-0.10783118038778024,-0.06903504294562278,-0.5418198246581043,-0.13415944827247442,0.03306762874228626,-0.514651388152392,-0.03982728300211462,0.03472547160386924,-0.7338419681449042,-0.09517289497028214,0.0423659770045197,-0.8682747056946816,-0.12537519374374204,0.03193326592696372,-0.9886841983529129,-0.14657360763280594,-0.05528519489454902,-0.46884533922519694,-0.05045682868636036,-0.04890006786275206,-0.6080646749515031,-0.14327417825430674,0.0018130798347004541,-0.44925884314625997,-0.16583322127362685,0.0018365339129669967,-0.3580039869510555,-0.15696143528214226,-0.1268192441314818,-0.39725553388603774,-0.06669098911893193,-0.10200548472886445,-0.4770016939041289,-0.17080515816444153,-0.03603379720330051,-0.3157334647680637,-0.1516889842358136,-0.040264753753191364,-0.246197319120315,-0.10954362069203458,-0.19306390716677072,-0.3060851779129312,-0.08519857419034418,-0.15588591609737726,-0.3892069930638879,-0.15102717896448717,-0.1010804764804241,-0.28683373340715523,-0.12249470757164464,-0.11337570353369744,-0.2310588117406575,-0.08432922256325939
D,0.0,0.0,0.0,0.07837645544218087,-0.14305301457874273,-0.05353693855787479,0.10647966503583672,-0.35658520213000217,-0.07914907560359152,0.0362026011242008,-0.49630572228017933,-0.10485162349146608,-0.06428884535873161,-0.5456270639569281,-0.12851381609812917,0.030892028804391226,-0.5201585100932627,-0.03370032206145319,0.028423154138024674,-0.734839824116127,-0.08536562921920343,0.0323055013880149,-0.8716977626245903,-0.1119878851302702,0.019281222848638698,-0.9912766211687657,-0.1303798096704255,-0.054089898433425106,-0.4736648973095905,-0.042826633579810494,-0.05997471127840156,-0.627091353064423,-0.13336326949590516,-0.004436994629428461,-0.47185273878652856,-0.15329851154896582,0.005380646629239059,-0.3777157413263082,-0.14082214956720107,-0.12418513795269925,-0.4021815410423415,-0.058467300122130215,-0.10544385609882248,-0.48679087580067815,-0.1605435842988429,-0.038029097219784175,-0.326570439137541,-0.14224383974665095,-0.03897242650895924,-0.2559279745834458,-0.09952082413003664,-0.18944160810130944,-0.3133763687023564,-0.07683266442444338,-0.1552328054864549,-0.3980939959296732,-0.13967702240240087,-0.10323010724060248,-0.2991416947721439,-0.11299615993484578,-0.11724381658851525,-0.24521610215372322,-0.07649380096906658
D,0.0,0.0,0.0,0.0797897985756985,-0.13841142510467103,-0.05287458695819826,0.1100027359298996,-0.3525680246772497,-0.07922556748233509,0.042315412925208455,-0.49738605434862,-0.10564768850915783,-0.0589496716525052,-0.5419363325627627,-0.1305873143949396,0.03161134314760025,-0.5106616478070432,-0.03804756037527299,0.03410974666324602,-0.7315634089618698,-0.09087083942399765,0.04040641628877272,-0.86838772360369,-0.11815487192278429,0.028565858168174852,-0.990136318010254,-0.13716436674374544,-0.054683047499229365,-0.46524457842657,-0.047080013571339424,-0.05336794960775502,-0.6178867899262972,-0.13892205233541224,0.0004578924592731556,-0.4584672791656473,-0.15802818015489567,0.006800638439672109,-0.36229749851049475,-0.14537752330761802,-0.12558219343982943,-0.39490112721809756,-0.06199195146703116,-0.10468580242500823,-0.48159321006155315,-0.16426764795393398,-0.03868144722445991,-0.32019278650455135,-0.1435764356419773,-0.04015579796458316,-0.24674726206976516,-0.09953934151295446,-0.19188620702467757,-0.30722305668827016,-0.079466472725686,-0.15794715125998343,-0.3937838103433663,-0.14217961589395944,-0.10447672228204521,-0.2939838149269071,-0.11350355651421953,-0.11556482342744795,-0.23742724263830947,-0.07559860006211927
D,0.0,0.0,0.0,0.07640200449135459,-0.14874618123123043,-0.050007654859765466,0.10267106532249767,-0.35880086739210665,-0.07535762244960269,0.03754373786918754,-0.4970175248731898,-0.10210851626986789,-0.05813877325463326,-0.55613265891008,-0.12747528304299857,0.019269044903773843,-0.5191413387844258,-0.03375847013349199,0.019542905060644575,-0.7358911776791737,-0.08503611871612951,0.024155311373361063,-0.871850438299437,-0.11223092552352129,0.010270836291504576,-0.9913248206536156,-0.13103285800878356,-0.06488963750583743,-0.46853893399080676,-0.043722834361795214,-0.06020409221126027,-0.603440756190604,-0.1315669322889794,-0.0034442024977562433,-0.45097815640517375,-0.1494393491105849,0.005242049802029572,-0.3611054264480377,-0.1380612346685217,-0.13269041317664051,-0.39680730209580134,-0.06002175312599097,-0.10391898452102732,-0.48376212958907133,-0.1584091852469108,-0.03946451691111622,-0.3252769080930831,-0.13678940555235103,-0.0414067162328962,-0.25306914471436553,-0.09431626706451167,-0.19507608573187857,-0.3098056412275056,-0.07912027545652976,-0.15313982823853575,-0.3966263571002154,-0.1404437945461481,-0.10343735704445861,-0.2956441117365199,-0.11254196583719532,-0.11699240137500559,-0.23942771464994456,-0.07586673576224155
D,0.0,0.0,0.0,0.07900102300696371,-0.14224656279518982,-0.05120733849414763,0.10601343867731322,-0.35389448228620796,-0.07971194216990816,0.04682936535536849,-0.5018948050200405,-0.10947340579853641,-0.05019037985241731,-0.5601410925321166,-0.13787116427849008,0.018055264228139807,-0.5167222059465262,-0.03969277469142146,0.024404678145754213,-0.7333240788534054,-0.09385692546965879,0.032233570827413315,-0.8693022166024065,-0.12174549186267344,0.0205816815416835,-0.9897644296822231,-0.14121886602271103,-0.06864997309266582,-0.4662126987000985,-0.050339619181606794,-0.0482651072887894,-0.5980839291198324,-0.14212577807957708,0.00440937307351612,-0.43721499065959407,-0.1591316423781395,0.003828582043479376,-0.3509253005639468,-0.14715230670707663,-0.1363826560980389,-0.3960707506060669,-0.0673168581031998,-0.09272582032679288,-0.480406909601417,-0.17049066293521448,-0.03351093241963594,-0.3151625840464373,-0.14752707549112845,-0.04453019969098587,-0.245984360921562,-0.10388625052395006,-0.19736547758073555,-0.31099499423139126,-0.08704912092989649,-0.14122035663942809,-0.39278968362733363,-0.15303733630538108,-0.09476852912069962,-0.2865053984729324,-0.12597953893983616,-0.11608914536245676,-0.2322318730758509,-0.08953474796877563
